{
  "experiment_name": "collective_gloo_resnet18_bs128x2",
  "total_time": 2298.097576379776,
  "metrics": {
    "train_loss": [
      4.075315475463867,
      3.5557851791381836,
      3.230238437652588,
      2.973391532897949,
      2.766855239868164,
      2.5644431114196777,
      2.404289722442627,
      2.242091655731201,
      2.114572048187256,
      2.0064010620117188,
      1.9035160541534424,
      1.7993388175964355,
      1.7216072082519531,
      1.6382694244384766,
      1.5711166858673096,
      1.5087573528289795,
      1.454190969467163,
      1.3962604999542236,
      1.338618516921997,
      1.2932554483413696,
      1.2402589321136475,
      1.1944503784179688,
      1.1467159986495972,
      1.1129064559936523,
      1.0720593929290771,
      1.0309728384017944,
      0.9942086935043335,
      0.9558207392692566,
      0.9296573400497437,
      0.8927289247512817,
      0.8633137941360474,
      0.8295009136199951,
      0.8091019988059998,
      0.7719887495040894,
      0.7444281578063965,
      0.7193703651428223,
      0.7002565264701843,
      0.6806020736694336,
      0.6639707088470459,
      0.6442278027534485,
      0.626345157623291,
      0.6166738271713257,
      0.607556939125061,
      0.594449520111084,
      0.5908330678939819,
      0.5834689736366272,
      0.5745879411697388,
      0.5732228755950928,
      0.5703067779541016,
      0.567563533782959
    ],
    "train_acc": [
      8.074919700622559,
      15.362580299377441,
      21.11979103088379,
      25.564903259277344,
      29.907852172851562,
      33.69390869140625,
      37.065303802490234,
      40.709136962890625,
      43.58774185180664,
      45.74519348144531,
      47.98277282714844,
      50.46073913574219,
      52.237579345703125,
      54.31089782714844,
      56.21794891357422,
      57.794471740722656,
      58.846153259277344,
      60.474761962890625,
      61.72876739501953,
      62.86859130859375,
      64.22476196289062,
      65.32452392578125,
      66.90104675292969,
      67.68429565429688,
      68.77404022216797,
      70.13220977783203,
      71.0196304321289,
      72.00521087646484,
      72.724365234375,
      73.68789672851562,
      74.52323913574219,
      75.67507934570312,
      76.17988586425781,
      77.32972717285156,
      78.01683044433594,
      78.80207824707031,
      79.49919891357422,
      80.22435760498047,
      80.49478912353516,
      81.01362609863281,
      81.85697174072266,
      82.23757934570312,
      82.30368041992188,
      82.75241088867188,
      82.81449890136719,
      83.2411880493164,
      83.49359130859375,
      83.6678695678711,
      83.86017608642578,
      83.62580108642578
    ],
    "test_loss": [
      3.784087328338623,
      3.3411864780426024,
      3.0819511783599856,
      2.868123122024536,
      2.6489454357147215,
      2.425161957168579,
      2.32183112449646,
      2.4502121700286867,
      2.1452353963851927,
      2.083490753173828,
      2.012642465209961,
      1.9855763153076171,
      1.800097297668457,
      1.8012110252380371,
      1.731237627029419,
      1.666774051475525,
      1.6250060382843017,
      1.654507696533203,
      1.563013563156128,
      1.571244787788391,
      1.52382255859375,
      1.555607212638855,
      1.4980462148666382,
      1.4369277797698974,
      1.4227316761016846,
      1.4166200033187866,
      1.355313960456848,
      1.3656640710830688,
      1.3935037059783935,
      1.3363149576187134,
      1.325385055923462,
      1.3398292476654052,
      1.2962390335083007,
      1.2952431190490723,
      1.3011231397628784,
      1.2987123851776123,
      1.2709249801635742,
      1.2635816900253296,
      1.2514533269882202,
      1.2374579483032226,
      1.236622785949707,
      1.2455141063690185,
      1.2316451314926147,
      1.2279551948547363,
      1.2252821090698243,
      1.221464055633545,
      1.219744647026062,
      1.222058683013916,
      1.2228179382324218,
      1.2212393817901612
    ],
    "test_acc": [
      11.690000000000001,
      18.970000000000002,
      23.849999999999998,
      27.779999999999998,
      31.81,
      36.99,
      39.410000000000004,
      36.39,
      43.830000000000005,
      45.61,
      46.28,
      48.13,
      51.71,
      51.580000000000005,
      53.37,
      54.779999999999994,
      55.910000000000004,
      55.410000000000004,
      56.779999999999994,
      57.330000000000005,
      58.07,
      58.220000000000006,
      59.12,
      60.95,
      61.050000000000004,
      61.19,
      62.79,
      62.74999999999999,
      62.5,
      63.9,
      63.65,
      63.73,
      64.67,
      64.57000000000001,
      64.63,
      65.14999999999999,
      65.75999999999999,
      65.92,
      66.25999999999999,
      66.23,
      66.47999999999999,
      66.16,
      66.53999999999999,
      66.8,
      66.62,
      66.71000000000001,
      66.61,
      66.64,
      66.71000000000001,
      66.60000000000001
    ],
    "epoch_time": [
      34.90955138206482,
      37.361141204833984,
      34.09826445579529,
      32.72489595413208,
      34.97133135795593,
      34.70782947540283,
      34.34069561958313,
      33.272862911224365,
      33.484721422195435,
      34.398420333862305,
      34.43035888671875,
      34.64190220832825,
      34.60972738265991,
      34.474852561950684,
      33.397666931152344,
      33.96051073074341,
      34.619670391082764,
      33.919238567352295,
      34.429935932159424,
      34.776355266571045,
      33.71765470504761,
      35.21527290344238,
      34.05391979217529,
      35.31129741668701,
      33.20304489135742,
      34.53738498687744,
      34.477598428726196,
      35.10366654396057,
      35.35938501358032,
      33.827048778533936,
      34.80732846260071,
      33.5097382068634,
      35.15444803237915,
      33.98924279212952,
      34.9063835144043,
      36.609304428100586,
      34.093008041381836,
      34.06236815452576,
      34.82559657096863,
      34.502851724624634,
      34.63705658912659,
      34.26165223121643,
      33.784775733947754,
      32.939208984375,
      33.577043771743774,
      33.62639141082764,
      31.06010150909424,
      32.17029333114624,
      32.76663517951965,
      31.900562047958374
    ],
    "throughput": [
      1429.9811376449532,
      1336.1476226411703,
      1464.0041303191804,
      1525.4441166128977,
      1427.454948427157,
      1438.2921880890856,
      1453.6688642827787,
      1500.321752690534,
      1490.8291865588105,
      1451.2294319183613,
      1449.8832313727714,
      1441.0294128709465,
      1442.3690613931506,
      1448.0119939684926,
      1494.71518782757,
      1469.9425575719906,
      1441.954803037589,
      1471.7311504760205,
      1449.9010424638059,
      1435.4580753891096,
      1480.530020153711,
      1417.566751133148,
      1465.9105414193853,
      1413.7118614171727,
      1503.4765685900668,
      1445.3902638826657,
      1447.8966713182504,
      1422.0736724890214,
      1411.7892599327574,
      1475.742099963458,
      1434.180737359299,
      1489.7162040429034,
      1420.019451138046,
      1468.699973850532,
      1430.1109130769808,
      1363.5877758355437,
      1464.2298485193057,
      1465.5469570857565,
      1433.4284237822474,
      1446.836928101574,
      1441.231008516789,
      1457.022552885437,
      1477.5886154496266,
      1515.5190892313165,
      1486.7300510240088,
      1484.5482344539014,
      1607.2065954254426,
      1551.7421456542663,
      1523.5009553621126,
      1564.862710724398
    ],