{
  "experiment_name": "collective_nccl_resnet18_bs128x2",
  "total_time": 1705.1962387561798,
  "metrics": {
    "train_loss": [
      4.097628116607666,
      3.574692964553833,
      3.252366065979004,
      2.9986183643341064,
      2.790058135986328,
      2.6032423973083496,
      2.4296441078186035,
      2.275214672088623,
      2.1474413871765137,
      2.0205368995666504,
      1.924756407737732,
      1.8198163509368896,
      1.7368745803833008,
      1.6654328107833862,
      1.5872588157653809,
      1.5238561630249023,
      1.4564793109893799,
      1.411118745803833,
      1.3452119827270508,
      1.2959365844726562,
      1.2501826286315918,
      1.206106185913086,
      1.1552801132202148,
      1.1147499084472656,
      1.075688362121582,
      1.0337207317352295,
      1.0062336921691895,
      0.9672126173973083,
      0.9324774742126465,
      0.893068253993988,
      0.8659679889678955,
      0.8353708386421204,
      0.8042744398117065,
      0.7771059274673462,
      0.7582594156265259,
      0.731497049331665,
      0.7111033797264099,
      0.6832897663116455,
      0.6746425032615662,
      0.6534264087677002,
      0.6384052038192749,
      0.6265090703964233,
      0.6116917133331299,
      0.6054600477218628,
      0.5973498821258545,
      0.5902422666549683,
      0.5862425565719604,
      0.5775350332260132,
      0.5793073773384094,
      0.5776113271713257
    ],
    "train_acc": [
      7.598156929016113,
      15.248397827148438,
      21.037660598754883,
      25.33854103088379,
      29.29086685180664,
      33.19310760498047,
      36.7768440246582,
      40.18629837036133,
      42.7684326171875,
      45.769229888916016,
      47.950721740722656,
      50.04206848144531,
      52.04126739501953,
      53.79206848144531,
      55.73317337036133,
      57.34575653076172,
      59.08253479003906,
      60.16826629638672,
      61.68870162963867,
      63.02083206176758,
      64.19471740722656,
      65.3866195678711,
      66.73477172851562,
      67.8084945678711,
      68.65785217285156,
      69.95191955566406,
      70.48277282714844,
      71.61859130859375,
      72.78445434570312,
      73.9102554321289,
      74.70553588867188,
      75.38060760498047,
      76.50840759277344,
      77.28164672851562,
      77.98878479003906,
      78.64382934570312,
      78.98637390136719,
      80.05208587646484,
      80.26642608642578,
      81.0596923828125,
      81.52243041992188,
      81.81890869140625,
      82.275634765625,
      82.45392608642578,
      82.76642608642578,
      83.0128173828125,
      83.13101196289062,
      83.47555541992188,
      83.45352172851562,
      83.4755630493164
    ],
    "test_loss": [
      3.84619189453125,
      3.3698544792175293,
      3.1012726829528807,
      2.8326026279449463,
      2.705131541442871,
      2.4622826526641846,
      2.4071852210998537,
      2.2987165992736815,
      2.1869644323349,
      2.3227687084197997,
      2.090308670425415,
      1.9753632648468018,
      1.8316061376571655,
      1.8103286436080932,
      1.7459831855773926,
      1.7084402963638305,
      1.6196003889083863,
      1.6521940256118774,
      1.5693914224624634,
      1.5562533905029297,
      1.54011641998291,
      1.5118954660415649,
      1.5405788152694702,
      1.4663356182098388,
      1.4126444789886474,
      1.411937984275818,
      1.3806640106201171,
      1.3730237894058228,
      1.4348924575805664,
      1.338776195526123,
      1.3238819725036621,
      1.3565032831192017,
      1.3017455095291137,
      1.3223221134185792,
      1.3067321950912476,
      1.2796494431495666,
      1.2589849153518677,
      1.242612257194519,
      1.258375008583069,
      1.2501724855422973,
      1.2448278469085694,
      1.237802790260315,
      1.2368397899627686,
      1.2299800651550292,
      1.223569042778015,
      1.2217972486495972,
      1.2209863582611085,
      1.224514377975464,
      1.224648278427124,
      1.225559677505493
    ],
    "test_acc": [
      11.61,
      19.2,
      23.43,
      28.52,
      31.2,
      36.67,
      38.92,
      39.97,
      43.13,
      40.75,
      44.879999999999995,
      47.03,
      50.23,
      50.91,
      52.78,
      54.04,
      55.75,
      55.31,
      56.87,
      56.85,
      57.269999999999996,
      58.68,
      58.52,
      59.99,
      61.17,
      61.339999999999996,
      61.79,
      62.660000000000004,
      61.41,
      63.06,
      63.75999999999999,
      63.6,
      64.48,
      64.42999999999999,
      64.84,
      65.52,
      65.74,
      66.17,
      66.11,
      66.27,
      66.66,
      66.67,
      66.59,
      66.93,
      67.16,
      66.91,
      66.96,
      66.82000000000001,
      66.89,
      67.09
    ],
    "epoch_time": [
      23.1059353351593,
      21.672816276550293,
      22.308691263198853,
      21.90924859046936,
      22.427624702453613,
      22.983696699142456,
      22.322030544281006,
      23.442649126052856,
      23.580841064453125,
      22.506902933120728,
      22.702786207199097,
      22.912241458892822,
      21.768338918685913,
      22.93784213066101,
      22.822591066360474,
      21.572179555892944,
      22.190206050872803,
      23.425142288208008,
      22.62567639350891,
      23.378251552581787,
      21.841982126235962,
      22.726467609405518,
      22.52099370956421,
      23.624029874801636,
      21.12107515335083,
      23.18786859512329,
      22.777459859848022,
      23.04127526283264,
      22.775434494018555,
      22.296895265579224,
      21.528632164001465,
      21.77087092399597,
      22.036853075027466,
      23.030040502548218,
      23.022098779678345,
      24.2481632232666,
      23.004421710968018,
      22.767956972122192,
      22.368197917938232,
      22.946283102035522,
      23.14322328567505,
      23.55946445465088,
      21.271403312683105,
      21.568280458450317,
      22.369281768798828,
      22.718936443328857,
      22.243860006332397,
      23.83888339996338,
      22.591069221496582,
      23.10979962348938
    ],
    "throughput": [
      2160.483844341021,
      2303.346245499843,
      2237.6928978505193,
      2278.4898256033966,
      2225.8264378099157,
      2171.9743631085494,
      2236.3556891014873,
      2129.4521677808884,
      2116.9728367005437,
      2217.9861950947807,
      2198.8490551071777,
      2178.7479889107394,
      2293.238826649687,
      2176.316312390691,
      2187.306421731402,
      2314.0916229933378,
      2249.6411203012017,
      2131.0436191087406,
      2206.34287929273,
      2135.3179423072406,
      2285.5068606634163,
      2196.5578134694474,
      2216.5984611416143,
      2113.102644407283,
      2363.5160444036514,
      2152.849874718491,
      2191.6403456383077,
      2166.5467484139135,
      2191.8352430602517,
      2238.876731733313,
      2318.77248957193,
      2292.9721173891076,
      2265.296221290788,
      2167.6036563842113,
      2168.351394793966,
      2058.7126348646793,
      2170.0176004076297,
      2192.5550922783113,
      2231.7399096315457,
      2175.5157372555773,
      2157.002911124267,
      2118.8936656896412,
      2346.812726278154,
      2314.5099627282366,
      2231.6317759307553,
      2197.285956784232,
      2244.2148074025254,
      2094.057811452557,
      2209.7227674597407,
      2160.122580606889
    ],