{
  "experiment_name": "ddp_nccl_resnet18_bs256x2_cacheFalse_ampFalse",
  "total_time": 1503.1484637260437,
  "metrics": {
    "train_loss": [
      4.120817184448242,
      3.541487216949463,
      3.127124309539795,
      2.781588077545166,
      2.452410936355591,
      2.17877197265625,
      1.992733120918274,
      1.8270890712738037,
      1.6996933221817017,
      1.588578701019287,
      1.5209590196609497,
      1.4349863529205322,
      1.3784925937652588,
      1.318433403968811,
      1.2598137855529785,
      1.2127132415771484,
      1.1538043022155762,
      1.1070955991744995,
      1.0596394538879395,
      1.0206055641174316,
      0.9639517068862915,
      0.9314059615135193,
      0.8842737674713135,
      0.834351122379303,
      0.7972665429115295,
      0.7331103086471558,
      0.7054227590560913,
      0.6479380130767822,
      0.5959926843643188,
      0.5498847961425781,
      0.5023688673973083,
      0.44438815116882324,
      0.38884490728378296,
      0.3518107533454895,
      0.2996567487716675,
      0.2548938989639282,
      0.20998507738113403,
      0.17372533679008484,
      0.1477656364440918,
      0.121759332716465,
      0.10374175757169724,
      0.08880890905857086,
      0.07842603325843811,
      0.0696144625544548,
      0.06488947570323944,
      0.05964858457446098,
      0.05661061778664589,
      0.05385693162679672,
      0.053706467151641846,
      0.052584461867809296
    ],
    "train_acc": [
      7.506443500518799,
      14.8538179397583,
      22.382410049438477,
      29.01498031616211,
      35.32941436767578,
      41.37604522705078,
      45.4675407409668,
      49.55702209472656,
      52.69209289550781,
      55.31974792480469,
      57.01111602783203,
      59.20183563232422,
      60.641510009765625,
      62.25837707519531,
      63.484619140625,
      64.74508666992188,
      66.35591125488281,
      67.72914123535156,
      68.94732666015625,
      70.03665161132812,
      71.41590881347656,
      72.21931457519531,
      73.49186706542969,
      75.03623962402344,
      75.75305938720703,
      77.76860046386719,
      78.38676452636719,
      80.37612915039062,
      81.81983184814453,
      83.18097686767578,
      84.49581909179688,
      86.46101379394531,
      88.16446685791016,
      89.43701171875,
      90.98743438720703,
      92.68081665039062,
      94.0721664428711,
      95.32659912109375,
      96.19039916992188,
      97.05419921875,
      97.6602783203125,
      98.11735534667969,
      98.33682250976562,
      98.72140502929688,
      98.78584289550781,
      98.96907043457031,
      99.04759979248047,
      99.17243957519531,
      99.15632629394531,
      99.15230560302734
    ],
    "test_loss": [
      3.8315706233978273,
      3.3955999546051023,
      3.0503003288269044,
      2.712459870529175,
      2.395476067352295,
      2.44536559677124,
      2.0248631546020506,
      1.8904444206237794,
      2.1034707569122313,
      1.7708542261123656,
      1.8335215578079223,
      1.802474917602539,
      1.6676295171737672,
      1.9605160495758056,
      1.6640287769317628,
      1.6227057016372681,
      1.5817309259414674,
      1.625808909034729,
      1.432733239364624,
      1.6036389917373657,
      1.5453919246673584,
      1.4028783315658568,
      1.4416736097335816,
      1.4437150749206542,
      1.3815076146125793,
      1.3980164669036865,
      1.3640727186203003,
      1.40079908618927,
      1.3401993621826171,
      1.295084298324585,
      1.2951834575653076,
      1.2715873819351196,
      1.304970997428894,
      1.228731727218628,
      1.2376252305984496,
      1.2072819202423095,
      1.1862771827697753,
      1.1410961421966552,
      1.1129964349746704,
      1.1053947509765625,
      1.0926779745101929,
      1.095413500404358,
      1.072618956375122,
      1.0682808055877686,
      1.064025990486145,
      1.0577025239944458,
      1.0557335854530334,
      1.0556522047996522,
      1.0526595511436463,
      1.0526266317367554
    ],
    "test_acc": [
      10.73,
      17.31,
      23.51,
      30.830000000000002,
      36.49,
      37.64,
      45.9,
      48.309999999999995,
      43.38,
      51.13999999999999,
      50.74999999999999,
      51.44,
      54.36,
      49.480000000000004,
      54.97,
      56.8,
      57.38999999999999,
      57.14,
      61.06,
      57.379999999999995,
      59.8,
      62.3,
      60.760000000000005,
      62.239999999999995,
      62.970000000000006,
      64.14999999999999,
      63.71,
      63.2,
      64.79,
      66.27,
      66.45,
      67.10000000000001,
      66.47,
      68.89999999999999,
      68.7,
      69.16,
      70.28999999999999,
      71.56,
      71.96000000000001,
      72.16,
      72.86,
      72.87,
      73.13,
      72.87,
      73.38,
      73.54,
      73.54,
      73.49,
      73.65,
      73.71
    ],
    "epoch_time": [
      20.607939958572388,
      20.5095431804657,
      19.99174737930298,
      18.48882818222046,
      18.976633310317993,
      20.105308532714844,
      18.7367205619812,
      20.046394109725952,
      18.6151180267334,
      18.67741823196411,
      19.49507784843445,
      19.727891445159912,
      21.03032422065735,
      20.620848894119263,
      19.077873706817627,
      19.973036289215088,
      19.29850435256958,
      18.416870594024658,
      18.62259840965271,
      19.49658489227295,
      20.11936616897583,
      18.53255319595337,
      18.52670431137085,
      19.87937068939209,
      20.03470492362976,
      19.11048722267151,
      18.6462984085083,
      18.463916301727295,
      18.564160346984863,
      19.165194511413574,
      18.978535413742065,
      19.988692045211792,
      18.64593482017517,
      20.829317808151245,
      18.76358437538147,
      19.727252960205078,
      18.093050718307495,
      18.45961570739746,
      18.340227842330933,
      18.943490028381348,
      20.068081855773926,
      19.93569827079773,
      19.093235731124878,
      19.378504991531372,
      20.833630561828613,
      19.246264696121216,
      19.497437715530396,
      19.801151752471924,
      18.961747884750366,
      18.390371561050415
    ],
    "throughput": [
      2409.9449095755454,
      2421.5068840393506,
      2484.225068360761,
      2686.1626659367594,
      2617.1133302658404,
      2470.1933779920864,
      2650.623935800886,
      2477.453038594328,
      2667.9390336755814,
      2659.0398835212754,
      2547.5148335449335,
      2517.4509976424615,
      2361.542289073071,
      2408.4362508549966,
      2603.225116342613,
      2486.55233389914,
      2573.4636784631075,
      2696.6579227696507,
      2666.867367673971,
      2547.317916158909,
      2468.467425011736,
      2679.8250340834993,
      2680.6710554298907,
      2498.2682186464485,
      2478.8985008421173,
      2598.7825125191825,
      2663.4777000746876,
      2689.7868896510295,
      2675.2623911733385,
      2591.364255156569,
      2616.8510328799694,
      2484.6047899315554,
      2663.5296368333775,
      2384.331568485874,
      2646.82903897408,
      2517.5324765280297,
      2744.9212834929695,
      2690.413537704242,
      2707.927100304115,
      2621.692197456374,
      2474.775634110284,
      2491.209453784168,
      2601.1306150188116,
      2562.8396009756034,
      2383.8379898602216,
      2580.4487667681824,
      2547.206495776667,
      2508.136931671163,
      2619.167826819454,
      2700.5435879928086
    ],