{
  "experiment_name": "ddp_nccl_resnet50_bs256x2_cacheFalse_ampFalse",
  "total_time": 2304.5473957061768,
  "metrics": {
    "train_loss": [
      5.416225433349609,
      4.595211982727051,
      4.528718948364258,
      4.412240028381348,
      4.352833271026611,
      4.265439987182617,
      4.117558002471924,
      4.026106834411621,
      3.9424545764923096,
      3.860189914703369,
      3.768333911895752,
      3.6366491317749023,
      3.484766960144043,
      3.3318402767181396,
      3.1705873012542725,
      3.0105695724487305,
      2.843547821044922,
      2.668516159057617,
      2.507049798965454,
      2.347707748413086,
      2.225543737411499,
      2.1058337688446045,
      1.9994614124298096,
      1.8983795642852783,
      1.8087806701660156,
      1.7188831567764282,
      1.6420729160308838,
      1.5560234785079956,
      1.4783873558044434,
      1.421473503112793,
      1.3368738889694214,
      1.2744501829147339,
      1.1991440057754517,
      1.134829044342041,
      1.0657742023468018,
      1.0063021183013916,
      0.9290543794631958,
      0.8655514121055603,
      0.7923398017883301,
      0.7185177206993103,
      0.6606835722923279,
      0.5981546640396118,
      0.5469405651092529,
      0.4942867159843445,
      0.44575995206832886,
      0.41204750537872314,
      0.3870788812637329,
      0.36519092321395874,
      0.3540711998939514,
      0.34627407789230347
    ],
    "train_acc": [
      1.224226713180542,
      1.306781530380249,
      1.8121778964996338,
      2.764577865600586,
      3.364610195159912,
      4.445876121520996,
      5.575467109680176,
      6.944668292999268,
      7.8769330978393555,
      8.90786075592041,
      10.46029281616211,
      12.993314743041992,
      15.403511047363281,
      18.047279357910156,
      21.20046615600586,
      24.349628448486328,
      27.424291610717773,
      31.183551788330078,
      34.302513122558594,
      37.955055236816406,
      40.322967529296875,
      42.674774169921875,
      45.191688537597656,
      47.65826416015625,
      49.671791076660156,
      52.067893981933594,
      53.92436981201172,
      55.79695510864258,
      58.06016540527344,
      59.26828384399414,
      61.38853073120117,
      63.14835739135742,
      65.1196060180664,
      66.57337188720703,
      68.61509704589844,
      70.30645751953125,
      72.40858459472656,
      73.97712707519531,
      76.32893371582031,
      78.56999206542969,
      79.97946166992188,
      82.08158874511719,
      83.75684356689453,
      85.50459289550781,
      87.20803833007812,
      88.07586669921875,
      89.02424621582031,
      89.9122085571289,
      90.13973999023438,
      90.59680938720703
    ],
    "test_loss": [
      4.599949809265136,
      4.582569090270996,
      4.457916616821289,
      4.3951731857299805,
      4.334144493103027,
      4.213417116546631,
      4.112826048278809,
      3.9761699069976806,
      3.907137998962402,
      3.815611036300659,
      3.6879623039245604,
      3.573805018615723,
      3.625811455917358,
      3.2300646518707277,
      3.284026536178589,
      3.017065161514282,
      2.723208809661865,
      2.8073283100128172,
      2.584566286087036,
      2.3447026245117186,
      2.3554722915649413,
      2.1404348110198974,
      2.0419607315063475,
      2.2858519481658934,
      2.0213036758422853,
      1.896992240524292,
      1.8022288255691528,
      1.8246221439361572,
      1.8251379848480225,
      1.9399735763549806,
      1.57679786567688,
      1.6343005743026733,
      1.5749869161605834,
      1.4418219200134277,
      1.4350844974517822,
      1.4095477670669556,
      1.4008733541488647,
      1.3051863271713258,
      1.253278412437439,
      1.2776030591964722,
      1.22419286403656,
      1.1932112306594849,
      1.1836906267166138,
      1.1869762607574463,
      1.1357598076820374,
      1.1359047543525695,
      1.118526593017578,
      1.116177363014221,
      1.116721224117279,
      1.1171299060821533
    ],
    "test_acc": [
      1.22,
      1.03,
      2.04,
      2.6100000000000003,
      4.09,
      4.82,
      5.2299999999999995,
      7.5200000000000005,
      8.34,
      9.59,
      12.49,
      14.2,
      14.12,
      20.419999999999998,
      20.02,
      25.580000000000002,
      29.48,
      29.060000000000002,
      32.57,
      38.01,
      38.46,
      42.35,
      44.57,
      40.65,
      45.82,
      49.41,
      50.8,
      50.99,
      51.93,
      49.64,
      55.94,
      55.46,
      57.13,
      60.01,
      60.25,
      61.62,
      61.3,
      64.23,
      65.41,
      64.89,
      66.12,
      67.11,
      67.71000000000001,
      67.42,
      68.67999999999999,
      69.15,
      69.36,
      69.57,
      69.67,
      69.64
    ],
    "epoch_time": [
      35.027212142944336,
      33.51499843597412,
      32.81290364265442,
      33.291343212127686,
      34.77861404418945,
      33.04233503341675,
      32.98865866661072,
      34.81891632080078,
      33.226348638534546,
      32.80526661872864,
      33.51024079322815,
      33.38565254211426,
      32.793997287750244,
      32.089147090911865,
      31.706151485443115,
      33.546507596969604,
      34.68901324272156,
      33.24213123321533,
      32.856653690338135,
      33.674808979034424,
      33.929584980010986,
      32.873783349990845,
      33.26470589637756,
      34.45491337776184,
      33.7432758808136,
      34.110406160354614,
      34.95024108886719,
      34.55715537071228,
      32.908649921417236,
      32.39877939224243,
      32.759193658828735,
      32.364033699035645,
      33.35217094421387,
      33.31116986274719,
      32.46762990951538,
      33.93892741203308,
      33.58804512023926,
      35.989742279052734,
      33.57032132148743,
      32.48942470550537,
      33.13647103309631,
      32.39533853530884,
      31.858333587646484,
      33.82275080680847,
      34.75689721107483,
      32.645435094833374,
      31.865251302719116,
      33.319281578063965,
      32.97141075134277,
      35.9542281627655
    ],
    "throughput": [
      1417.8690498496896,
      1481.84401962233,
      1513.5509048775666,
      1491.7992249080514,
      1428.0040008752874,
      1503.0414754215537,
      1505.4870979118389,
      1426.351111632121,
      1494.717356405565,
      1513.9032575838494,
      1482.0544055904322,
      1487.5851217031466,
      1514.4234953800926,
      1547.6883776093132,
      1566.3837354338532,
      1480.452170958218,
      1431.6924973477155,
      1494.0076991927654,
      1511.5355467438928,
      1474.8116323665051,
      1463.7373262672875,
      1510.7479255202256,
      1492.993810157458,
      1441.419963982685,
      1471.8191611099298,
      1455.9779724265732,
      1420.9916284617457,
      1437.155329112853,
      1509.1472946654744,
      1532.897255132135,
      1516.0324309940806,
      1534.542957835316,
      1489.078479570938,
      1490.9113130710139,
      1529.6466092045982,
      1463.3344005559698,
      1478.6213315544762,
      1379.9487535898847,
      1479.4019849971307,
      1528.620480361549,
      1498.771548436651,
      1533.0600711540467,
      1558.9013739016755,
      1468.3607576354407,
      1428.8962475101264,
      1521.315303524935,
      1558.562947713583,
      1490.5483446166716,
      1506.2746442530492,
      1381.3118105378342
    ],