{
  "experiment_name": "ddp_nccl_resnet18_bs128x2_cacheTrue_ampTrue",
  "total_time": 700.5734105110168,
  "metrics": {
    "train_loss": [
      4.250544548034668,
      3.710359573364258,
      3.284769296646118,
      2.8786957263946533,
      2.5184202194213867,
      2.22025728225708,
      2.006312370300293,
      1.8509126901626587,
      1.7191393375396729,
      1.6108510494232178,
      1.5052428245544434,
      1.4251724481582642,
      1.3447649478912354,
      1.2603780031204224,
      1.2104456424713135,
      1.1281406879425049,
      1.0479003190994263,
      1.0055793523788452,
      0.9271807670593262,
      0.8750534653663635,
      0.820665717124939,
      0.7538034319877625,
      0.6963608264923096,
      0.6264516115188599,
      0.5715259313583374,
      0.5130290389060974,
      0.42386192083358765,
      0.36998510360717773,
      0.3159768581390381,
      0.2539733052253723,
      0.19270756840705872,
      0.14039726555347443,
      0.09325844794511795,
      0.05513262003660202,
      0.029493961483240128,
      0.01837577298283577,
      0.01282576285302639,
      0.010243097320199013,
      0.008823679760098457,
      0.008508171886205673,
      0.008232133463025093,
      0.008305970579385757,
      0.008093434385955334,
      0.008122900500893593,
      0.008188128471374512,
      0.008077997714281082,
      0.00811997801065445,
      0.008091481402516365,
      0.008121639490127563,
      0.008127477951347828
    ],
    "train_acc": [
      5.769230842590332,
      11.899038314819336,
      19.409053802490234,
      27.23357391357422,
      34.58333206176758,
      40.71514129638672,
      45.55488586425781,
      49.066505432128906,
      52.46394348144531,
      54.89182662963867,
      57.64222717285156,
      59.62940979003906,
      61.60055923461914,
      63.75200271606445,
      64.87980651855469,
      67.30368041992188,
      69.24879455566406,
      70.66706848144531,
      72.84254455566406,
      74.18669891357422,
      75.80528259277344,
      77.67227172851562,
      79.1065673828125,
      81.06771087646484,
      82.78044891357422,
      84.73757934570312,
      87.26362609863281,
      89.00841522216797,
      90.6590576171875,
      92.63621520996094,
      94.68549346923828,
      96.33613586425781,
      97.79847717285156,
      98.94631958007812,
      99.64543151855469,
      99.83973693847656,
      99.93589782714844,
      99.9659423828125,
      99.989990234375,
      99.99198913574219,
      100.0,
      99.99800109863281,
      100.0,
      100.0,
      100.0,
      100.0,
      100.0,
      100.0,
      100.0,
      100.0
    ],
    "test_loss": [
      3.823753993988037,
      3.547310182952881,
      3.1021207046508787,
      3.0049943420410155,
      2.4988758628845216,
      2.3626052955627443,
      2.2682232818603514,
      2.2766247947692873,
      2.1430786827087402,
      2.1858143417358398,
      2.019652243041992,
      1.9278763643264771,
      1.8788808298110962,
      1.9639828002929687,
      2.1258718002319337,
      2.076198751068115,
      1.939833151626587,
      1.9826733875274658,
      2.060568479347229,
      2.320700994873047,
      1.9667931449890137,
      2.016488463783264,
      2.015932985496521,
      1.9291749011993409,
      2.194136826324463,
      1.9646836540222168,
      1.876604469871521,
      2.15969766998291,
      2.1083475467681887,
      1.8706110103607179,
      1.7954835670471192,
      1.7028206729888915,
      1.6434828483581543,
      1.5576629558563233,
      1.440694546699524,
      1.3891092849731446,
      1.3468903184890748,
      1.3309237581253053,
      1.3172626331329347,
      1.310725997543335,
      1.3086908205032348,
      1.3064369680404664,
      1.3032044939041139,
      1.3022179765701294,
      1.305066068458557,
      1.301553395843506,
      1.302124281692505,
      1.3008384099960326,
      1.304910676765442,
      1.3046258152008057
    ],
    "test_acc": [
      10.12,
      14.85,
      23.880000000000003,
      26.490000000000002,
      34.62,
      38.71,
      42.18,
      41.97,
      44.58,
      44.46,
      46.73,
      49.85,
      51.22,
      49.72,
      48.14,
      48.75,
      51.61,
      51.55,
      50.660000000000004,
      48.16,
      53.1,
      53.169999999999995,
      51.33,
      56.03,
      52.449999999999996,
      55.03,
      57.34,
      53.76,
      55.13,
      57.86,
      60.129999999999995,
      61.12,
      62.0,
      63.239999999999995,
      64.85,
      65.32,
      66.58,
      66.42,
      66.47,
      66.64999999999999,
      66.55,
      66.64999999999999,
      66.5,
      66.77,
      66.52,
      66.63,
      66.62,
      66.7,
      66.60000000000001,
      66.53999999999999
    ],
    "epoch_time": [
      9.216139078140259,
      9.895421504974365,
      10.086110830307007,
      9.73011589050293,
      9.407256841659546,
      9.7873694896698,
      9.303133964538574,
      9.107258319854736,
      10.099272012710571,
      10.018787145614624,
      9.549911260604858,
      9.53047800064087,
      10.017997026443481,
      8.587433576583862,
      10.095992088317871,
      10.387661218643188,
      10.092465877532959,
      10.216559648513794,
      9.827805280685425,
      9.667772769927979,
      10.525124788284302,
      10.232056140899658,
      10.614557266235352,
      10.160788774490356,
      9.890976428985596,
      10.331159830093384,
      10.155778884887695,
      9.898935079574585,
      10.075631141662598,
      10.0709547996521,
      10.240538358688354,
      10.236911535263062,
      10.167290449142456,
      10.121207475662231,
      10.36319375038147,
      10.28968071937561,
      10.200857162475586,
      10.267480611801147,
      10.200125932693481,
      10.18575119972229,
      10.024697065353394,
      10.178383111953735,
      10.40548324584961,
      9.9899263381958,
      10.23235297203064,
      10.05756425857544,
      9.581757545471191,
      9.929024457931519,
      10.127307653427124,
      10.188411712646484
    ],
    "throughput": [
      5416.584925286679,
      5044.757312753735,
      4949.380473789668,
      5130.463045021321,
      5306.541624220557,
      5100.45115316109,
      5365.933693987818,
      5481.342270831321,
      4942.930533722879,
      4982.6390434745135,
      5227.273703152529,
      5237.93245172416,
      4983.032024089375,
      5813.145400754122,
      4944.536362876384,
      4805.701586648436,
      4946.263936460555,
      4886.184950455595,
      5079.465717346651,
      5163.547094867424,
      4742.936640102055,
      4878.784802641902,
      4702.975239371905,
      4913.004404277057,
      5047.02446299528,
      4831.984096750613,
      4915.428010576663,
      5042.966702853188,
      4954.5283365506975,
      4956.82891970923,
      4874.7437147819965,
      4876.470782036234,
      4909.862686593204,
      4932.217832708121,
      4817.047833170392,
      4851.46248571153,
      4893.706401814297,
      4861.952204966756,
      4894.057223352138,
      4900.964005616105,
      4979.701598418346,
      4904.511792386039,
      4797.470604732498,
      4997.033842895747,
      4878.643273590398,
      4963.4283924595775,
      5209.90014233815,
      5027.684261581492,
      4929.246914218791,
      4899.684210644552
    ],