{
  "experiment_name": "ddp_nccl_resnet18_bs128x2_cacheTrue_ampFalse",
  "total_time": 724.1067142486572,
  "metrics": {
    "train_loss": [
      4.087118148803711,
      3.4832773208618164,
      3.0278587341308594,
      2.614377975463867,
      2.2981772422790527,
      2.0599067211151123,
      1.8829584121704102,
      1.751665711402893,
      1.634355902671814,
      1.5476951599121094,
      1.4611318111419678,
      1.3646961450576782,
      1.3034906387329102,
      1.2282291650772095,
      1.173607587814331,
      1.0973340272903442,
      1.0468112230300903,
      0.9899580478668213,
      0.9135380983352661,
      0.8591061234474182,
      0.8062350749969482,
      0.7331489324569702,
      0.6812165975570679,
      0.6262096762657166,
      0.5471774339675903,
      0.5155925750732422,
      0.4398190975189209,
      0.37235864996910095,
      0.31014055013656616,
      0.2543259263038635,
      0.19188493490219116,
      0.13558754324913025,
      0.08756013959646225,
      0.05542181804776192,
      0.029942836612462997,
      0.019383080303668976,
      0.013252372853457928,
      0.010248749516904354,
      0.008985531516373158,
      0.008689242415130138,
      0.0080928485840559,
      0.008209035731852055,
      0.007966290228068829,
      0.008024681359529495,
      0.007946805097162724,
      0.00790051743388176,
      0.00791496317833662,
      0.007879666984081268,
      0.00781969167292118,
      0.007900203578174114
    ],
    "train_acc": [
      7.750400543212891,
      15.76522445678711,
      24.274839401245117,
      32.31770706176758,
      38.60176086425781,
      44.02644348144531,
      48.165061950683594,
      51.5044059753418,
      54.06450271606445,
      56.38020706176758,
      58.46955108642578,
      60.91145706176758,
      62.45191955566406,
      64.50921630859375,
      65.80128479003906,
      68.10897827148438,
      69.09455108642578,
      70.98757934570312,
      72.85456848144531,
      74.19871520996094,
      76.05769348144531,
      78.03485107421875,
      79.69952392578125,
      81.1318130493164,
      83.5596923828125,
      84.33293151855469,
      86.89503479003906,
      88.80609130859375,
      90.84535217285156,
      92.57612609863281,
      94.57933044433594,
      96.53845977783203,
      97.92066955566406,
      98.91626739501953,
      99.62339782714844,
      99.81370544433594,
      99.93389129638672,
      99.97395324707031,
      99.98397064208984,
      99.98397827148438,
      99.99800109863281,
      99.99398803710938,
      100.0,
      99.99800109863281,
      100.0,
      100.0,
      100.0,
      100.0,
      100.0,
      100.0
    ],
    "test_loss": [
      3.7468938137054444,
      3.2079307960510253,
      2.789573767852783,
      2.740531268310547,
      2.573322396850586,
      2.486139291381836,
      1.9798802087783813,
      2.362416028594971,
      2.0057006744384767,
      2.0266740558624265,
      1.898173045349121,
      1.9144524909973144,
      1.957038801574707,
      1.9373155542373657,
      2.045279864883423,
      2.017822117233276,
      2.04449108505249,
      1.9714047080993653,
      2.0401625064849855,
      2.0013738288879392,
      1.9690940696716308,
      1.881511616897583,
      2.021518606376648,
      1.930515463066101,
      2.018822764968872,
      1.9129883152008056,
      1.9328256771087646,
      1.8797631629943847,
      1.9368006500244141,
      1.8950674823760987,
      1.8927603525161742,
      1.7788292306900024,
      1.606654644393921,
      1.555444280052185,
      1.4080185031890868,
      1.3896557563781737,
      1.349702869796753,
      1.3355885293960572,
      1.3235865375518798,
      1.3116041484832763,
      1.3025657299041749,
      1.3041322679519654,
      1.2971949724197387,
      1.3004921531677247,
      1.300209174156189,
      1.299279556465149,
      1.3010471773147583,
      1.3005838706970214,
      1.303740975189209,
      1.3001033349990845
    ],
    "test_acc": [
      10.73,
      21.39,
      28.46,
      31.0,
      34.03,
      37.04,
      46.410000000000004,
      39.72,
      47.13,
      47.61,
      49.84,
      50.239999999999995,
      48.230000000000004,
      50.55,
      49.61,
      49.93,
      49.11,
      50.21,
      51.5,
      51.870000000000005,
      53.1,
      53.959999999999994,
      53.68000000000001,
      53.949999999999996,
      54.87,
      54.55,
      55.94,
      56.63,
      56.989999999999995,
      57.91,
      58.74,
      59.489999999999995,
      62.08,
      63.1,
      65.36999999999999,
      65.52,
      66.23,
      66.36,
      66.43,
      66.61,
      66.71000000000001,
      66.45,
      66.66,
      66.62,
      66.53999999999999,
      66.59,
      66.5,
      66.58,
      66.61,
      66.53
    ],
    "epoch_time": [
      10.773789644241333,
      10.465814590454102,
      10.688549280166626,
      10.618293523788452,
      10.55768895149231,
      10.474948167800903,
      9.953006744384766,
      10.569189071655273,
      10.479734182357788,
      10.534137487411499,
      10.554195642471313,
      10.729254961013794,
      10.49730920791626,
      10.33465313911438,
      10.471375226974487,
      10.550007343292236,
      10.908531904220581,
      10.562273979187012,
      10.505371570587158,
      10.438621997833252,
      10.412251710891724,
      10.392621755599976,
      10.496460437774658,
      10.518195629119873,
      10.644263982772827,
      10.32773232460022,
      10.529454708099365,
      10.551597118377686,
      10.566367626190186,
      10.310811996459961,
      10.60255742073059,
      10.492300271987915,
      10.488050699234009,
      10.409660339355469,
      10.559021472930908,
      10.476604223251343,
      10.37082839012146,
      10.48776388168335,
      10.378476619720459,
      10.572767972946167,
      10.59369444847107,
      10.433592796325684,
      10.816168069839478,
      10.366681337356567,
      10.58015489578247,
      10.798118114471436,
      10.641369581222534,
      10.746088981628418,
      10.444559097290039,
      10.70787525177002
    ],
    "throughput": [
      4633.467113095399,
      4769.815055345254,
      4670.418659399378,
      4701.3204040896835,
      4728.307514017441,
      4765.656039563978,
      5015.569795344869,
      4723.162738556429,
      4763.479600850785,
      4738.878722596452,
      4729.872525682214,
      4652.69957526325,
      4755.50438795822,
      4830.350794364237,
      4767.282130374338,
      4731.750260983416,
      4576.234495925673,
      4726.254980543725,
      4751.854769208312,
      4782.240415484142,
      4794.352017804299,
      4803.4077611937555,
      4755.888929981379,
      4746.061183896913,
      4689.849864752777,
      4833.587706479639,
      4740.986250845547,
      4731.037343442016,
      4724.423923720623,
      4841.519757817247,
      4708.298009534398,
      4757.7746257677345,
      4759.702391946474,
      4795.5455195083605,
      4727.710813731635,
      4764.902723843439,
      4813.50169168264,
      4759.832559463337,
      4809.954469150654,
      4721.5639393332385,
      4712.237099419522,
      4784.545551517012,
      4615.312898030888,
      4815.427268909305,
      4718.267406453513,
      4623.02777861803,
      4691.125481450005,
      4645.41100351426,
      4779.522001359763,
      4661.989314056324
    ],