{
  "experiment_name": "ddp_nccl_resnet18_bs128x2_cacheFalse_ampFalse",
  "metrics": {
    "train_loss": [
      4.095495223999023,
      3.538499355316162,
      3.209746837615967,
      2.95177960395813,
      2.7532877922058105,
      2.5699052810668945,
      2.435971260070801,
      2.328908681869507,
      2.2571163177490234,
      2.2179508209228516
    ],
    "train_acc": [
      7.660256385803223,
      15.663061141967773,
      21.436298370361328,
      25.73918342590332,
      30.012020111083984,
      33.71794891357422,
      36.5625,
      38.95232391357422,
      40.75120162963867,
      41.5625
    ],
    "test_loss": [
      3.787860740280151,
      3.324628085708618,
      3.0534877910614013,
      2.7789415382385254,
      2.690047341156006,
      2.442488814544678,
      2.358994554901123,
      2.2350365337371825,
      2.1951917057037353,
      2.1592409374237063
    ],
    "test_acc": [
      11.52,
      19.36,
      24.279999999999998,
      30.34,
      31.91,
      36.77,
      38.879999999999995,
      41.42,
      42.4,
      42.82
    ],
    "epoch_time": [
      23.295962810516357,
      22.33654761314392,
      22.785704612731934,
      25.131515741348267,
      22.556418657302856,
      23.43210744857788,
      24.094865560531616,
      23.05287766456604,
      24.76825451850891,
      22.119590759277344
    ],
    "throughput": [
      2142.860563696681,
      2234.902226816136,
      2190.8473250419597,
      1986.3505454176745,
      2213.1172841943117,
      2130.410169445928,
      2071.810688239366,
      2165.456335923332,
      2015.483164657227,
      2256.8229468288278
    ],
    "gpu_memory": [
      757.14404296875,
      757.14453125,
      757.14453125,
      757.14453125,
      757.14453125,
      757.14453125,
      757.14453125,
      757.14453125,
      757.14453125,
      757.14453125
    ]
  },
  "total_time": 343.89720010757446,
  "model": "resnet18",
  "batch_size_per_gpu": 128,
  "effective_batch_size": 256,
  "world_size": 2,
  "backend": "nccl",
  "use_cache": false,
  "use_amp": false,
  "scaled_lr": 0.01,
  "best_acc": 42.82,
  "training_type": "ddp_data_parallel"
}