{
  "experiment_name": "ddp_nccl_resnet34_bs256x2_cacheFalse_ampFalse",
  "total_time": 1750.6103389263153,
  "metrics": {
    "train_loss": [
      4.876605033874512,
      4.33447265625,
      4.013970851898193,
      3.766174554824829,
      3.4956865310668945,
      3.2235140800476074,
      3.0065550804138184,
      2.776151657104492,
      2.5562191009521484,
      2.3494298458099365,
      2.1843631267547607,
      2.0210509300231934,
      1.8860409259796143,
      1.769055724143982,
      1.6722288131713867,
      1.6038719415664673,
      1.5055456161499023,
      1.4374477863311768,
      1.3589200973510742,
      1.313211441040039,
      1.2415313720703125,
      1.179168939590454,
      1.1235911846160889,
      1.074118971824646,
      1.0297428369522095,
      0.952728271484375,
      0.9162603616714478,
      0.8492504954338074,
      0.7990349531173706,
      0.7381044030189514,
      0.6808826327323914,
      0.6269139051437378,
      0.5738859176635742,
      0.5014376044273376,
      0.443761944770813,
      0.39060544967651367,
      0.3379316031932831,
      0.2906331419944763,
      0.2428794503211975,
      0.19976314902305603,
      0.16910722851753235,
      0.139593243598938,
      0.12151630222797394,
      0.10179313272237778,
      0.08800362050533295,
      0.07941347360610962,
      0.07584430277347565,
      0.07153697311878204,
      0.07006459683179855,
      0.06878773868083954
    ],
    "train_acc": [
      1.479945182800293,
      3.5418009757995605,
      6.894330024719238,
      10.587145805358887,
      15.598823547363281,
      20.600433349609375,
      24.651660919189453,
      29.455944061279297,
      33.79913330078125,
      37.94096374511719,
      41.60760498046875,
      45.35679626464844,
      48.320716857910156,
      51.12959289550781,
      53.636436462402344,
      55.11235809326172,
      57.429931640625,
      59.26828384399414,
      61.36839294433594,
      62.16374206542969,
      64.0423583984375,
      65.5102310180664,
      67.12306213378906,
      68.4318618774414,
      69.86952209472656,
      71.49041748046875,
      72.3803939819336,
      74.48454284667969,
      75.86380004882812,
      77.68403625488281,
      79.14988708496094,
      80.54325103759766,
      82.39771270751953,
      84.54816436767578,
      86.35430145263672,
      87.9027099609375,
      89.65447998046875,
      91.18677520751953,
      92.81974792480469,
      94.2674789428711,
      95.39303588867188,
      96.30718231201172,
      96.82466125488281,
      97.54550170898438,
      97.99049377441406,
      98.27842712402344,
      98.33883666992188,
      98.47776794433594,
      98.5562973022461,
      98.61267852783203
    ],
    "test_loss": [
      4.518056589508056,
      4.126621546173095,
      3.8531484603881836,
      3.628809111022949,
      3.497032724761963,
      3.149810676956177,
      2.961228596496582,
      2.7538191337585447,
      2.5779910369873047,
      2.422542070579529,
      2.2773486141204833,
      2.037943600845337,
      1.958605405807495,
      1.8839457756042481,
      1.8099065509796142,
      1.7673724906921386,
      1.7804332588195801,
      1.732998232650757,
      1.737958807182312,
      1.6458881565093995,
      1.514109375,
      1.5449939958572387,
      1.5626419849395752,
      1.8046273683547973,
      1.5123095426559447,
      1.5423703552246093,
      1.4578877494812013,
      1.4441052005767823,
      1.5535142835617066,
      1.3608222826004028,
      1.3548110246658325,
      1.4634410665512085,
      1.30750253200531,
      1.321491849899292,
      1.3157584798812867,
      1.256258402824402,
      1.2870073963165283,
      1.227348473739624,
      1.2388912916183472,
      1.1785405500411987,
      1.1882666095733643,
      1.1583872367858887,
      1.1642286848068237,
      1.1426364686965942,
      1.135287283706665,
      1.1373828075408936,
      1.1314957387924194,
      1.1329802673339844,
      1.1324205055236816,
      1.1317736692428588
    ],
    "test_acc": [
      2.68,
      5.86,
      9.5,
      13.56,
      16.97,
      22.08,
      26.26,
      30.28,
      34.46,
      37.13,
      40.44,
      45.34,
      47.72,
      48.35,
      51.74999999999999,
      52.15,
      51.739999999999995,
      53.510000000000005,
      53.6,
      55.17999999999999,
      58.29,
      58.709999999999994,
      57.38999999999999,
      55.169999999999995,
      59.56,
      59.650000000000006,
      61.06,
      61.95,
      60.4,
      63.980000000000004,
      65.16,
      62.5,
      66.32000000000001,
      66.35,
      66.58,
      67.93,
      67.63,
      68.33,
      69.3,
      70.65,
      70.94,
      71.52,
      71.66,
      72.00999999999999,
      72.00999999999999,
      72.03,
      72.49,
      72.39999999999999,
      72.41,
      72.47
    ],
    "epoch_time": [
      25.024909257888794,
      23.669227600097656,
      23.35303568840027,
      23.839234828948975,
      23.586445331573486,
      23.985820770263672,
      22.912943363189697,
      23.732420921325684,
      23.203177213668823,
      23.340028762817383,
      23.79141855239868,
      24.54476523399353,
      23.57795548439026,
      23.541215181350708,
      22.502533197402954,
      24.002521514892578,
      22.991546630859375,
      22.610485553741455,
      22.480891227722168,
      22.865670919418335,
      24.06689167022705,
      23.471744060516357,
      24.195565700531006,
      24.30165934562683,
      23.251858949661255,
      22.707916259765625,
      23.63510274887085,
      23.918201446533203,
      24.53874135017395,
      23.168167114257812,
      24.54146122932434,
      23.596311330795288,
      24.510817766189575,
      23.901850700378418,
      25.000494241714478,
      24.139763832092285,
      23.67679738998413,
      22.350858688354492,
      23.817750453948975,
      22.95002508163452,
      24.686306953430176,
      22.998560905456543,
      24.44377851486206,
      22.89958167076111,
      25.026519775390625,
      22.828365325927734,
      25.6407413482666,
      23.073479890823364,
      25.254684448242188,
      23.903095960617065
    ],
    "throughput": [
      1984.582620787887,
      2098.2518246516456,
      2126.661418355503,
      2083.2883419433806,
      2105.6161410434474,
      2070.5566207503207,
      2167.5085218334125,
      2092.664720748,
      2140.3965302968636,
      2127.8465637162753,
      2087.475359681435,
      2023.404971550403,
      2106.374322102693,
      2109.661698319792,
      2207.0404058211448,
      2069.115945555367,
      2160.0982655660373,
      2196.5030287366776,
      2209.1650858911303,
      2171.9896247533056,
      2063.5818152386883,
      2115.9058258284126,
      2052.6075155543917,
      2043.646456139515,
      2135.9152447776023,
      2187.0787011838574,
      2101.2813241259405,
      2076.410306645297,
      2023.901686369417,
      2143.6309465083455,
      2023.6773815512254,
      2104.7357488958055,
      2026.2073862140548,
      2077.8307346390425,
      1986.5207271435988,
      2057.352356280092,
      2097.5809853831456,
      2222.0175382289235,
      2085.1675348611993,
      2164.006349594058,
      2011.8035514056169,
      2159.4394625020614,
      2031.7644414018805,
      2168.773242849782,
      1984.4549080626143,
      2175.539040615983,
      1936.9174754129115,
      2152.4278190803825,
      1966.5262538434442,
      2077.722487573443
    ],