{
  "experiment_name": "ddp_nccl_resnet18_bs64x2_cacheFalse_ampFalse",
  "total_time": 1893.4245052337646,
  "metrics": {
    "train_loss": [
      4.276656627655029,
      3.683574676513672,
      3.24945068359375,
      2.8897743225097656,
      2.6104788780212402,
      2.3963072299957275,
      2.236198902130127,
      2.1572909355163574,
      2.074458599090576,
      2.0252583026885986,
      1.9699289798736572,
      1.9245991706848145,
      1.885791540145874,
      1.8467227220535278,
      1.8125696182250977,
      1.784555435180664,
      1.7488181591033936,
      1.7165546417236328,
      1.677229404449463,
      1.644822597503662,
      1.61052668094635,
      1.566619634628296,
      1.5394830703735352,
      1.5029915571212769,
      1.4619272947311401,
      1.4282681941986084,
      1.3849828243255615,
      1.3369895219802856,
      1.2892183065414429,
      1.2440890073776245,
      1.1920874118804932,
      1.1496100425720215,
      1.084122896194458,
      1.0322515964508057,
      0.9691176414489746,
      0.9095818996429443,
      0.8327868580818176,
      0.7626334428787231,
      0.6886202096939087,
      0.6088010668754578,
      0.5385476350784302,
      0.45146113634109497,
      0.38351747393608093,
      0.3231850266456604,
      0.27015429735183716,
      0.22467383742332458,
      0.19530877470970154,
      0.1782902330160141,
      0.16459593176841736,
      0.1553950011730194
    ],
    "train_acc": [
      4.935897350311279,
      12.604166030883789,
      20.256410598754883,
      27.029247283935547,
      32.61017608642578,
      36.997196197509766,
      40.40464782714844,
      42.19751739501953,
      44.24879837036133,
      45.53084945678711,
      46.814903259277344,
      47.84254837036133,
      48.61378479003906,
      49.4871826171875,
      50.37459945678711,
      50.9375,
      52.05328369140625,
      52.762420654296875,
      53.699920654296875,
      54.46113586425781,
      55.194313049316406,
      56.502403259277344,
      56.88301086425781,
      58.08293151855469,
      58.85817337036133,
      59.837738037109375,
      60.86538314819336,
      61.89102554321289,
      63.169071197509766,
      64.47315979003906,
      65.72315979003906,
      66.7147445678711,
      68.51762390136719,
      69.88982391357422,
      71.68870544433594,
      73.11097717285156,
      75.10617065429688,
      77.28565979003906,
      79.29887390136719,
      81.484375,
      83.59976196289062,
      86.37419891357422,
      88.51762390136719,
      90.50080108642578,
      92.15945434570312,
      93.88021087646484,
      94.87179565429688,
      95.41065979003906,
      95.8934326171875,
      96.23797607421875
    ],
    "test_loss": [
      3.982643421173096,
      3.44915481300354,
      3.1121876403808595,
      2.689820802688599,
      2.576854381942749,
      2.4135013916015624,
      2.304629098510742,
      2.2929712257385253,
      2.106598722457886,
      2.28297679977417,
      2.1494362045288087,
      2.0122795799255373,
      2.327923745727539,
      2.1625563526153564,
      2.348670988845825,
      2.155876742362976,
      2.0205079456329345,
      1.8690530441284179,
      1.9210006980895995,
      1.8876926155090332,
      1.8958854074478149,
      1.9688331844329834,
      1.7642261518478393,
      1.9371521717071534,
      1.708645449066162,
      1.7976431228637695,
      1.5585808555603027,
      1.5433910829544066,
      1.5826692445755004,
      1.4744563385009766,
      1.464477579689026,
      1.4589545181274415,
      1.3955281385421754,
      1.4165900314331055,
      1.4352000750541687,
      1.2696387349128724,
      1.2595349561691285,
      1.2676217479705811,
      1.1409062151908875,
      1.181025559425354,
      1.1073330222129822,
      1.081253899383545,
      1.0471787698745727,
      1.0273514322280883,
      1.00568965549469,
      0.9838595797538757,
      0.9784168389320373,
      0.9725973379135132,
      0.9708845525741577,
      0.9714078207969665
    ],
    "test_acc": [
      7.8,
      17.130000000000003,
      24.0,
      31.11,
      34.81,
      37.37,
      39.48,
      40.21,
      45.0,
      43.25,
      43.28,
      47.349999999999994,
      42.15,
      43.919999999999995,
      42.75,
      44.03,
      47.12,
      49.59,
      48.6,
      49.79,
      49.07,
      50.68,
      52.42,
      50.31,
      54.42,
      53.02,
      57.489999999999995,
      57.8,
      57.84,
      59.48,
      60.480000000000004,
      60.980000000000004,
      61.72,
      61.41,
      62.629999999999995,
      65.29,
      65.98,
      66.13,
      69.01,
      69.12,
      71.15,
      71.64,
      72.5,
      73.04,
      73.7,
      74.22,
      74.22,
      74.39,
      74.52,
      74.59
    ],
    "epoch_time": [
      27.053266525268555,
      26.706347465515137,
      26.097665548324585,
      26.48479151725769,
      25.89095139503479,
      26.465559244155884,
      26.452346801757812,
      25.955174446105957,
      26.319482803344727,
      26.14844059944153,
      24.639134168624878,
      27.037577152252197,
      25.90599274635315,
      25.165666580200195,
      25.967512369155884,
      25.229371309280396,
      28.04990839958191,
      25.73957061767578,
      24.60182023048401,
      26.46031904220581,
      25.70118474960327,
      26.021153450012207,
      26.50344753265381,
      24.86897325515747,
      25.920642614364624,
      25.292653799057007,
      27.35314631462097,
      26.33285689353943,
      25.98353886604309,
      27.35556936264038,
      25.706652879714966,
      24.493835926055908,
      25.742042064666748,
      25.911274194717407,
      26.768844842910767,
      25.616445541381836,
      25.59689974784851,
      25.36214852333069,
      27.072269201278687,
      27.134535789489746,
      24.298208236694336,
      24.170351028442383,
      25.266035079956055,
      26.081445693969727,
      27.09012794494629,
      25.40373921394348,
      25.591436862945557,
      24.77985119819641,
      26.045408725738525,
      26.506745100021362
    ],
    "throughput": [
      1845.2485193746654,
      1869.218546806513,
      1912.8147652733162,
      1884.855312811194,
      1928.0867372673433,
      1886.2250194476173,
      1887.1671528471988,
      1923.3159115788364,
      1896.693805611411,
      1909.1004608919654,
      2026.0452197044901,
      1846.3192807141643,
      1926.967265403383,
      1983.6549864836873,
      1922.402088052716,
      1978.6462130999428,
      1779.6849561456704,
      1939.4262919723737,
      2029.1181519221225,
      1886.598567476627,
      1942.3229118171516,
      1918.4391689591523,
      1883.5285461823644,
      2007.3205068748587,
      1925.8781791287645,
      1973.6956191548861,
      1825.0185710196145,
      1895.7305013208613,
      1921.2163615341315,
      1824.8569181007783,
      1941.9097551743778,
      2038.063786770793,
      1939.2400911549926,
      1926.5744951352995,
      1864.8544714181191,
      1948.7481164924784,
      1950.2361806216752,
      1968.2875034849078,
      1843.9532951172841,
      1839.7219096460808,
      2054.4724744194305,
      2065.340298171789,
      1975.7749817897754,
      1914.0043303482203,
      1842.7376977122274,
      1965.06504729824,
      1950.652488461105,
      2014.5399421782404,
      1916.6525864755652,
      1883.2942261160451
    ],