{
  "experiment_name": "ddp_gloo_resnet18_bs128x2_cacheFalse_ampFalse",
  "total_time": 2054.9060645103455,
  "metrics": {
    "train_loss": [
      4.080756187438965,
      3.4919753074645996,
      3.051723003387451,
      2.6537044048309326,
      2.3463826179504395,
      2.116034507751465,
      1.968651294708252,
      1.8602182865142822,
      1.7716434001922607,
      1.698387861251831,
      1.6385570764541626,
      1.5807206630706787,
      1.5303194522857666,
      1.4868285655975342,
      1.4515191316604614,
      1.3995561599731445,
      1.3653912544250488,
      1.3350584506988525,
      1.2915706634521484,
      1.2505061626434326,
      1.2103757858276367,
      1.1768378019332886,
      1.142024278640747,
      1.101373553276062,
      1.0625529289245605,
      1.0219426155090332,
      0.9681063890457153,
      0.9238924384117126,
      0.8817757368087769,
      0.8387988209724426,
      0.7741689682006836,
      0.7349913120269775,
      0.6689528822898865,
      0.6008915901184082,
      0.5567961931228638,
      0.4886811375617981,
      0.434530645608902,
      0.3732559084892273,
      0.312194287776947,
      0.2571031451225281,
      0.22198709845542908,
      0.178486168384552,
      0.14670279622077942,
      0.12478525936603546,
      0.10907775908708572,
      0.09582515060901642,
      0.08602090179920197,
      0.08203494548797607,
      0.07702963054180145,
      0.07661926001310349
    ],
    "train_acc": [
      7.922676086425781,
      15.783252716064453,
      23.894229888916016,
      31.568510055541992,
      37.83854293823242,
      42.76441955566406,
      46.07772445678711,
      49.050479888916016,
      50.97956848144531,
      52.82051086425781,
      54.457130432128906,
      55.564903259277344,
      56.7628173828125,
      58.0268440246582,
      58.9262809753418,
      60.13421630859375,
      61.16386413574219,
      61.784854888916016,
      63.05488586425781,
      63.99639129638672,
      65.01001739501953,
      66.02964782714844,
      66.62460327148438,
      67.95672607421875,
      68.89423370361328,
      70.17427825927734,
      71.27203369140625,
      72.6522445678711,
      73.92427825927734,
      74.88381958007812,
      76.82090759277344,
      78.07691955566406,
      79.74559020996094,
      81.73477172851562,
      83.02284240722656,
      85.00401306152344,
      86.71675109863281,
      88.7459945678711,
      90.703125,
      92.57211303710938,
      93.61978912353516,
      95.15425109863281,
      96.32211303710938,
      96.95512390136719,
      97.5040054321289,
      97.88862609863281,
      98.25320434570312,
      98.359375,
      98.57171630859375,
      98.50160217285156
    ],
    "test_loss": [
      3.699953795623779,
      3.4461151123046876,
      3.041823313140869,
      2.678006438064575,
      2.471161666107178,
      2.497986178970337,
      2.056188037109375,
      2.169302590179443,
      1.9715699398040771,
      1.8895457454681397,
      1.7375906536102295,
      1.9202879932403565,
      1.893283470916748,
      1.8446995161056519,
      1.935510174560547,
      1.71303432598114,
      1.7546029914855956,
      1.5720020837783812,
      1.669106418991089,
      1.766238646697998,
      1.6744549213409423,
      1.7981726398468019,
      1.6363266704559327,
      1.5350704097747803,
      1.4446991182327271,
      1.4724200546264647,
      1.3778891872406005,
      1.4014319931030272,
      1.339872605895996,
      1.379744599533081,
      1.3424513387680053,
      1.3082573013305665,
      1.2555154560089112,
      1.350265149307251,
      1.2006055438995362,
      1.1775539179801942,
      1.190029998397827,
      1.1825289762496949,
      1.1144998207092285,
      1.0825838035583497,
      1.0608029819488525,
      1.04389053440094,
      1.0342836595535279,
      1.0134354511260986,
      1.0042062368392943,
      1.0042729000091553,
      0.9998255453109741,
      1.0010936222076416,
      0.9997216037750244,
      0.9971105548858643
    ],
    "test_acc": [
      12.13,
      18.08,
      25.11,
      31.53,
      35.370000000000005,
      37.87,
      45.0,
      42.66,
      47.760000000000005,
      49.419999999999995,
      52.55,
      49.2,
      48.69,
      50.580000000000005,
      50.59,
      54.120000000000005,
      53.839999999999996,
      56.699999999999996,
      54.72,
      53.480000000000004,
      54.690000000000005,
      53.81,
      57.379999999999995,
      59.330000000000005,
      60.81999999999999,
      59.72,
      62.49,
      62.19,
      64.05999999999999,
      62.29,
      65.14,
      65.08,
      66.73,
      65.22,
      67.82000000000001,
      69.37,
      69.19,
      70.3,
      71.93,
      72.08,
      72.87,
      73.03,
      73.41,
      73.87,
      74.47,
      74.62,
      74.52,
      74.37,
      74.42999999999999,
      74.63
    ],
    "epoch_time": [
      28.07445001602173,
      28.09065866470337,
      26.34617304801941,
      28.108816623687744,
      27.66048526763916,
      27.44561743736267,
      27.722301244735718,
      27.898757219314575,
      27.45526933670044,
      27.996809720993042,
      27.934543132781982,
      25.679796934127808,
      27.044668674468994,
      27.293092966079712,
      27.546997547149658,
      26.969279766082764,
      26.13347101211548,
      27.682384252548218,
      26.90592670440674,
      27.668340921401978,
      27.732319355010986,
      27.359702348709106,
      27.06185221672058,
      26.880809783935547,
      27.29661989212036,
      27.31000280380249,
      26.054420948028564,
      27.386275053024292,
      27.618139505386353,
      28.095389366149902,
      27.74612784385681,
      27.607497692108154,
      25.748262643814087,
      27.864688396453857,
      27.67065191268921,
      27.227237462997437,
      27.907240867614746,
      27.730279684066772,
      26.27312469482422,
      26.209007263183594,
      26.653939485549927,
      26.03202176094055,
      26.150837659835815,
      26.573842525482178,
      28.053449153900146,
      27.868208646774292,
      27.5441677570343,
      26.888840675354004,
      26.337188482284546,
      27.47464394569397
    ],
    "throughput": [
      1778.1292232443127,
      1777.1032212472026,
      1894.772341660937,
      1775.9552338440185,
      1804.7405718656325,
      1818.8696287824143,
      1800.716309923206,
      1789.3270158084285,
      1818.2302052040027,
      1783.0603021375018,
      1787.0347749277294,
      1943.9406054515007,
      1845.8351478021998,
      1829.0341831921126,
      1812.175715867275,
      1850.9949258185468,
      1910.1940181178798,
      1803.312877408844,
      1855.3533036951276,
      1804.2281661126256,
      1800.0658134992916,
      1824.5812532516584,
      1844.663092541617,
      1857.0869107460105,
      1828.7978583901615,
      1827.901679784867,
      1915.9896164868424,
      1822.8108752777348,
      1807.507706674598,
      1776.8039926204044,
      1799.1699699838528,
      1808.204443471531,
      1938.7715858954496,
      1791.5147404394793,
      1804.0774809901636,
      1833.458134261423,
      1788.7830702006156,
      1800.1982154072166,
      1900.0404626342063,
      1904.6887010529313,
      1872.8938747333561,
      1917.6382248920017,
      1908.925467296615,
      1878.539016407986,
      1779.4603339554005,
      1791.288440270027,
      1812.3618923737965,
      1856.5322545034858,
      1895.4187169058764,
      1816.9480230088234
    ],