{
  "experiment_name": "ddp_nccl_resnet18_bs128x2_cacheFalse_ampFalse",
  "total_time": 1642.7439835071564,
  "metrics": {
    "train_loss": [
      4.102032661437988,
      3.5032434463500977,
      3.0251269340515137,
      2.6092753410339355,
      2.311732292175293,
      2.091905355453491,
      1.958855390548706,
      1.8578011989593506,
      1.7653666734695435,
      1.6808042526245117,
      1.6396329402923584,
      1.5781309604644775,
      1.52821683883667,
      1.4866337776184082,
      1.4432882070541382,
      1.4114413261413574,
      1.3593826293945312,
      1.3213557004928589,
      1.2905254364013672,
      1.2409883737564087,
      1.2030463218688965,
      1.1738361120224,
      1.138204574584961,
      1.0883398056030273,
      1.0539103746414185,
      1.0072067975997925,
      0.9736581444740295,
      0.92598557472229,
      0.8736765384674072,
      0.8281581997871399,
      0.7611913681030273,
      0.7283101081848145,
      0.6659711599349976,
      0.6060930490493774,
      0.5427218079566956,
      0.4917110800743103,
      0.4335276484489441,
      0.3628171980381012,
      0.30553001165390015,
      0.265963613986969,
      0.21436554193496704,
      0.17470304667949677,
      0.14608022570610046,
      0.12434638291597366,
      0.10769476741552353,
      0.09431375563144684,
      0.08500465005636215,
      0.0815168172121048,
      0.07649937272071838,
      0.07482545077800751
    ],
    "train_acc": [
      7.485977649688721,
      15.735176086425781,
      24.192707061767578,
      32.39583206176758,
      38.555686950683594,
      43.25520706176758,
      46.55448913574219,
      48.88220977783203,
      51.39222717285156,
      53.13301086425781,
      54.31290054321289,
      55.75921630859375,
      56.82091522216797,
      58.02484130859375,
      59.28685760498047,
      60.10817337036133,
      61.09975814819336,
      62.40584945678711,
      62.80048370361328,
      64.15064239501953,
      65.24839782714844,
      66.10977935791016,
      66.91706848144531,
      68.28125,
      69.40705108642578,
      70.35456848144531,
      71.10977172851562,
      72.42988586425781,
      73.97636413574219,
      75.21634674072266,
      77.21554565429688,
      77.97074890136719,
      79.72555541992188,
      81.54246520996094,
      83.46554565429688,
      85.09815979003906,
      86.65264892578125,
      89.10456848144531,
      90.88140869140625,
      92.1434326171875,
      93.96434020996094,
      95.3165054321289,
      96.23597717285156,
      96.82691955566406,
      97.43990325927734,
      97.93069458007812,
      98.25720977783203,
      98.33132934570312,
      98.54166412353516,
      98.52363586425781
    ],
    "test_loss": [
      3.71336901512146,
      3.1953654373168945,
      2.82979814491272,
      2.725153978729248,
      2.504329026412964,
      2.506846597290039,
      2.179757773208618,
      2.2968402420043947,
      1.9705211051940918,
      1.856762098312378,
      1.84178469581604,
      1.9841291927337648,
      2.011928238296509,
      1.890194054222107,
      1.7628739236831665,
      1.7975197032928467,
      1.8444921157836913,
      1.6839902149200439,
      1.6943488946914673,
      1.6043473974227904,
      1.618580049133301,
      1.5389312913894653,
      1.5021360202789307,
      1.4490139196395875,
      1.7079172838211059,
      1.4469707893371582,
      1.3474887126922608,
      1.4045938661575317,
      1.3545415534973144,
      1.3561007514953614,
      1.3540495668411254,
      1.2905668464660645,
      1.2533417828559876,
      1.2562158531188965,
      1.217352093219757,
      1.183518667602539,
      1.1740489380836487,
      1.15713824300766,
      1.122683121585846,
      1.0983184114456177,
      1.0934208888053893,
      1.0455022578239441,
      1.045395451068878,
      1.0226842294692993,
      1.0071816988945008,
      1.0061024966239929,
      1.0014813417434691,
      1.0016322578430177,
      0.9981093367576599,
      0.9992903299331665
    ],
    "test_acc": [
      12.370000000000001,
      21.54,
      27.92,
      31.41,
      35.55,
      37.730000000000004,
      43.09,
      41.55,
      47.13,
      49.25,
      50.11,
      48.199999999999996,
      47.9,
      51.18000000000001,
      53.59,
      52.16,
      51.85999999999999,
      55.230000000000004,
      54.949999999999996,
      56.82000000000001,
      56.95,
      58.64,
      59.25,
      60.199999999999996,
      55.1,
      60.89,
      63.41,
      62.56,
      63.49,
      63.349999999999994,
      64.32,
      65.39,
      66.81,
      67.0,
      67.99,
      68.86,
      69.51,
      69.91000000000001,
      71.17,
      71.98,
      72.24000000000001,
      73.11999999999999,
      73.61,
      74.1,
      74.42999999999999,
      74.38,
      74.65,
      74.8,
      74.77000000000001,
      74.69
    ],
    "epoch_time": [
      21.25069546699524,
      20.45801019668579,
      21.05830407142639,
      20.410592794418335,
      20.949438333511353,
      21.438119411468506,
      22.581660747528076,
      22.787237405776978,
      19.972448587417603,
      22.36610245704651,
      20.79175066947937,
      22.583429098129272,
      22.849440097808838,
      19.73677349090576,
      22.032808780670166,
      21.93380570411682,
      20.417134523391724,
      21.523189783096313,
      20.514021396636963,
      23.38915514945984,
      22.917752504348755,
      23.71830415725708,
      22.58504056930542,
      21.552459478378296,
      22.131609201431274,
      22.891276836395264,
      22.247669458389282,
      21.34640645980835,
      21.584553480148315,
      23.367761611938477,
      21.68738341331482,
      22.33701252937317,
      21.620014905929565,
      22.23311710357666,
      22.506706476211548,
      21.141985654830933,
      23.120031595230103,
      21.980144500732422,
      21.474780321121216,
      20.630902767181396,
      21.19463586807251,
      21.7397403717041,
      21.301447868347168,
      22.268682956695557,
      20.777119398117065,
      22.599307537078857,
      22.332197427749634,
      22.49588179588318,
      21.549346208572388,
      21.854058027267456
    ],
    "throughput": [
      2349.099589589031,
      2440.1200077653234,
      2370.561267929239,
      2445.788836356168,
      2382.8801137902806,
      2328.5624565228827,
      2210.643431327988,
      2190.6999567812627,
      2499.443159485662,
      2231.9489994231226,
      2400.95222348345,
      2210.4703312808765,
      2184.736246766375,
      2529.288792973277,
      2265.7120341277523,
      2275.9388258203803,
      2445.0051961408744,
      2319.3588173071685,
      2433.457537885956,
      2134.3224960886573,
      2178.22406409736,
      2104.7035938581635,
      2210.3126114302677,
      2316.2089714206577,
      2255.5973922028056,
      2180.7433616211074,
      2243.830532153824,
      2338.5669196354365,
      2312.765007898462,
      2136.276500462762,
      2301.799117423818,
      2234.8557101964825,
      2308.971581065321,
      2245.2991979235035,
      2218.0055554891123,
      2361.178406560564,
      2159.166599508411,
      2271.1406650823687,
      2324.5872252719573,
      2419.6711391326135,
      2355.312934401446,
      2296.2555737314424,
      2343.5026721436384,
      2241.7131761710443,
      2402.642976798989,
      2208.9172386408686,
      2235.3375730939133,
      2219.0728264377494,
      2316.5435979742942,
      2284.2439576995025
    ],