{
  "experiment_name": "ddp_nccl_resnet18_bs128x2_cacheFalse_ampTrue",
  "total_time": 1578.2720651626587,
  "metrics": {
    "train_loss": [
      4.184879302978516,
      3.638856887817383,
      3.21644926071167,
      2.8054492473602295,
      2.4739856719970703,
      2.2190442085266113,
      2.057065010070801,
      1.9211153984069824,
      1.8234795331954956,
      1.7443699836730957,
      1.6823612451553345,
      1.620161533355713,
      1.5670759677886963,
      1.5134878158569336,
      1.473238468170166,
      1.4310784339904785,
      1.390746831893921,
      1.352107286453247,
      1.3134658336639404,
      1.2576782703399658,
      1.2267566919326782,
      1.1918582916259766,
      1.1539647579193115,
      1.108072280883789,
      1.0648763179779053,
      1.027369499206543,
      0.9849841594696045,
      0.9415130615234375,
      0.8912107944488525,
      0.844886302947998,
      0.7817128896713257,
      0.7385124564170837,
      0.6793396472930908,
      0.6211481690406799,
      0.5566248893737793,
      0.49567365646362305,
      0.43291956186294556,
      0.37110593914985657,
      0.3138381838798523,
      0.26411348581314087,
      0.22296537458896637,
      0.17808528244495392,
      0.1507968306541443,
      0.12306733429431915,
      0.10850544273853302,
      0.09530427306890488,
      0.08659830689430237,
      0.081631138920784,
      0.07826420664787292,
      0.0763227641582489
    ],
    "train_acc": [
      6.570512771606445,
      13.365385055541992,
      20.73517608642578,
      28.407451629638672,
      35.37660217285156,
      40.40064239501953,
      44.18669891357422,
      47.56209945678711,
      49.693511962890625,
      51.736778259277344,
      53.3153076171875,
      54.649436950683594,
      55.90544891357422,
      57.183494567871094,
      58.43950271606445,
      59.503204345703125,
      60.362579345703125,
      61.29807662963867,
      62.32972717285156,
      63.78004837036133,
      64.54927825927734,
      65.5428695678711,
      66.24398803710938,
      67.74839782714844,
      68.8241195678711,
      69.9559326171875,
      70.9755630493164,
      72.12740325927734,
      73.525634765625,
      74.68550109863281,
      76.50841522216797,
      77.70833587646484,
      79.32492065429688,
      80.99359130859375,
      82.80047607421875,
      84.78164672851562,
      86.83694458007812,
      88.82211303710938,
      90.64102172851562,
      92.27964782714844,
      93.65785217285156,
      95.19831848144531,
      96.10376739501953,
      97.08934020996094,
      97.52404022216797,
      97.86458587646484,
      98.18309020996094,
      98.3213119506836,
      98.49960327148438,
      98.55168151855469
    ],
    "test_loss": [
      3.757676251220703,
      3.4175647827148437,
      2.9504854511260987,
      2.713569898986816,
      2.524002699661255,
      2.3326437126159667,
      2.2061766387939454,
      2.4901423690795896,
      1.9263032880783082,
      2.207859278488159,
      2.090516193008423,
      1.8295916831970216,
      1.7912297691345216,
      1.80368002243042,
      1.7328020069122314,
      1.6943383457183838,
      1.713366875076294,
      1.8596782093048096,
      1.7979691909790039,
      1.6954567085266112,
      1.5404937301635742,
      1.5819365837097168,
      1.7769806640625,
      1.5317537302017212,
      1.492124413871765,
      1.4291565809249878,
      1.4052215789794922,
      1.4362706352233887,
      1.3192591625213623,
      1.4774296562194824,
      1.3150698236465455,
      1.365693374824524,
      1.2757765830993653,
      1.2759224967956544,
      1.26546168384552,
      1.2394512725830078,
      1.1570738891601562,
      1.1747087326049805,
      1.1501144045829772,
      1.107985962677002,
      1.0829034170150758,
      1.0770678722381593,
      1.0525502152442932,
      1.0260840663909911,
      1.0141387981414796,
      1.0082842042922973,
      1.0027884379386902,
      1.0020215572357178,
      1.002978324699402,
      1.0023455459594726
    ],
    "test_acc": [
      11.75,
      16.98,
      25.71,
      30.53,
      34.04,
      39.43,
      41.55,
      37.63,
      48.78,
      44.05,
      45.22,
      50.79,
      52.12,
      51.06,
      52.86,
      54.44,
      54.449999999999996,
      53.269999999999996,
      52.92,
      54.50000000000001,
      58.02,
      57.43000000000001,
      54.49,
      58.60999999999999,
      59.74,
      61.040000000000006,
      62.11,
      61.82,
      63.949999999999996,
      61.040000000000006,
      64.74,
      64.39,
      66.18,
      66.67,
      67.28,
      67.60000000000001,
      69.37,
      69.03,
      70.38,
      71.37,
      72.32,
      72.23,
      73.18,
      73.72999999999999,
      74.17,
      74.21,
      74.44,
      74.42999999999999,
      74.32,
      74.45
    ],
    "epoch_time": [
      21.524466037750244,
      19.81626558303833,
      21.261775255203247,
      21.776935338974,
      21.811731100082397,
      22.2862331867218,
      22.509876012802124,
      20.09986925125122,
      20.39594602584839,
      22.46602749824524,
      20.431040048599243,
      20.145533561706543,
      21.479912042617798,
      19.739262104034424,
      20.36458444595337,
      20.731157541275024,
      20.544475555419922,
      20.644412994384766,
      21.281739234924316,
      20.901945114135742,
      20.541866540908813,
      20.75151300430298,
      20.839492559432983,
      20.258869171142578,
      21.150047779083252,
      20.71334671974182,
      19.76737952232361,
      20.46914553642273,
      20.885799646377563,
      20.775301218032837,
      21.152435302734375,
      20.539770126342773,
      22.27187752723694,
      19.92926549911499,
      20.11678981781006,
      20.288121700286865,
      21.44697642326355,
      21.53502082824707,
      20.55100131034851,
      20.017094373703003,
      21.520635843276978,
      20.610135555267334,
      22.80820608139038,
      21.40875005722046,
      20.60974884033203,
      21.529783725738525,
      21.288933515548706,
      21.486775398254395,
      20.17989683151245,
      20.63440489768982
    ],
    "throughput": [
      2319.221295081087,
      2519.142660397571,
      2347.875443175114,
      2292.3335732488763,
      2288.6766653661625,
      2239.9478450105453,
      2217.6932459160953,
      2483.598245142439,
      2447.5452100498255,
      2222.021672674402,
      2443.341106534737,
      2477.9686200463802,
      2324.0318629310436,
      2528.969914726299,
      2451.314444077427,
      2407.9697383327966,
      2429.850295537498,
      2418.087645000036,
      2345.672947541758,
      2388.2944734286802,
      2430.158909882171,
      2405.6077255498776,
      2395.4518017956125,
      2464.105946797255,
      2360.278355936829,
      2410.0402834671527,
      2525.372669838436,
      2438.7925676317323,
      2390.140710205373,
      2402.853247522098,
      2360.0119459316743,
      2430.406946764041,
      2241.3916356603236,
      2504.8589975489476,
      2481.5092493437583,
      2460.5530633865505,
      2327.6008242286193,
      2318.084593376427,
      2429.0787220602556,
      2493.8684440425704,
      2319.6340648826576,
      2422.1092513504573,
      2188.6859414485302,
      2331.756868877249,
      2422.154699057253,
      2318.6484655821882,
      2344.88026201689,
      2323.289515282761,
      2473.7490194719976,
      2419.2604655920522
    ],