{
  "experiment_name": "dp_resnet18_bs256_ngpu2_cacheFalse_ampFalse",
  "total_time": 757.3133561611176,
  "metrics": {
    "train_loss": [
      3.9872845857571333,
      3.3422475240169427,
      2.882306216313289,
      2.487253771072779,
      2.2023253575349466,
      1.9840170120581602,
      1.8335643957822751,
      1.704809901653192,
      1.602555247453543,
      1.5297023999385344,
      1.4492171794940263,
      1.3840542230850612,
      1.3142558201765402,
      1.2718464594620924,
      1.2249515808545626,
      1.1756528340853178,
      1.1357449821936778,
      1.0901526949344538,
      1.0457043962600903,
      1.0127647103407444,
      0.9507442697500571,
      0.9157878294969216,
      0.8721772126662426,
      0.8341611654330523,
      0.7868849408932221,
      0.7414227109688979,
      0.692128334289942,
      0.6487598284696922,
      0.5876838786479754,
      0.5515322072383685,
      0.4928477739676451,
      0.4536585434889182,
      0.41055548649567825,
      0.35032324019150857,
      0.30719157602542485,
      0.25930224038087407,
      0.2253310745343184,
      0.1842641565280083,
      0.1556946261571004,
      0.12849490760992735,
      0.11152450090799576,
      0.09684874153672121,
      0.08438136191704335,
      0.07761126496852973,
      0.06950733155394212,
      0.0652262640496095,
      0.06309327579652652,
      0.059656871606906255,
      0.05711130673686663,
      0.05708501267318542
    ],
    "train_acc": [
      9.030448717948717,
      18.321314102564102,
      26.883012820512818,
      34.791666666666664,
      40.99959935897436,
      45.64903846153846,
      49.421073717948715,
      52.423878205128204,
      55.13621794871795,
      56.822916666666664,
      59.01442307692307,
      60.63501602564103,
      62.40785256410256,
      63.08894230769231,
      64.74358974358975,
      66.11979166666667,
      67.09535256410255,
      68.11498397435898,
      69.32291666666667,
      70.18028846153847,
      71.97115384615384,
      72.56009615384616,
      73.9823717948718,
      75.09014423076923,
      76.2880608974359,
      77.58413461538461,
      78.98036858974359,
      80.17628205128206,
      82.08133012820514,
      83.30528846153847,
      84.94391025641026,
      86.0576923076923,
      87.42988782051282,
      89.34094551282051,
      90.93149038461539,
      92.48397435897436,
      93.50360576923077,
      94.94391025641026,
      96.03365384615384,
      96.83092948717949,
      97.24559294871796,
      97.8485576923077,
      98.25320512820512,
      98.40945512820512,
      98.66185897435898,
      98.83413461538461,
      98.81410256410257,
      99.00641025641026,
      98.99238782051282,
      99.03645833333333
    ],
    "test_loss": [
      3.561234440231323,
      3.0701794639587403,
      3.052634767913818,
      2.472802621459961,
      2.2438434577941893,
      2.1095930423736573,
      2.1496195991516114,
      1.8791485343933105,
      1.8452179355621339,
      1.740239878845215,
      1.7873698207855224,
      1.765921890258789,
      1.5675911151885986,
      1.60815004863739,
      1.543063129043579,
      1.5523759428024293,
      1.942623306274414,
      1.4292923666000366,
      1.4565592130661011,
      1.4634373794555664,
      1.3888798751831055,
      1.3952985151290893,
      1.390829147529602,
      1.4761838542938233,
      1.4364052503585816,
      1.36186565990448,
      1.2714483402252197,
      1.2356724683761597,
      1.2790941652297974,
      1.256830749130249,
      1.257171884727478,
      1.2422811784744263,
      1.2212752016067505,
      1.194931553173065,
      1.151017600440979,
      1.1912836270332336,
      1.1580019684791565,
      1.0797549459457398,
      1.0889900714874268,
      1.0747110778808593,
      1.0579885758399963,
      1.0551436120033264,
      1.037796199131012,
      1.0291843968391419,
      1.0291947566986084,
      1.025873671913147,
      1.0238684760093688,
      1.0175645441055299,
      1.0145824739456177,
      1.0113240828514098
    ],
    "test_acc": [
      14.580000000000002,
      23.52,
      25.69,
      35.83,
      41.08,
      43.65,
      44.43,
      49.28,
      49.669999999999995,
      52.900000000000006,
      52.52,
      53.32,
      56.87,
      56.18,
      57.79,
      57.879999999999995,
      50.86000000000001,
      60.74,
      60.61,
      60.08,
      62.91,
      62.4,
      62.39,
      61.809999999999995,
      62.12,
      63.57000000000001,
      65.45,
      66.7,
      66.35,
      67.2,
      67.71000000000001,
      68.01,
      68.73,
      69.43,
      70.92,
      70.11,
      70.66,
      72.72999999999999,
      72.86,
      73.5,
      73.69,
      73.39,
      73.77,
      74.21,
      74.76,
      74.74,
      74.66000000000001,
      74.83,
      74.81,
      74.87
    ],
    "epoch_time": [
      14.064943552017212,
      12.627832412719727,
      13.125833988189697,
      13.138699769973755,
      13.339036464691162,
      13.259509086608887,
      13.086265802383423,
      13.154143571853638,
      11.330345392227173,
      12.913135290145874,
      12.835560083389282,
      12.266406059265137,
      12.12320327758789,
      13.206797122955322,
      13.211558818817139,
      13.266051530838013,
      13.275035858154297,
      13.12963604927063,
      13.24903655052185,
      13.221070766448975,
      12.766640663146973,
      13.176010370254517,
      13.316132545471191,
      13.305903673171997,
      13.344192266464233,
      13.316774129867554,
      13.352461814880371,
      13.376646518707275,
      13.20859694480896,
      13.33818244934082,
      13.301188707351685,
      13.278950691223145,
      13.409998893737793,
      13.329736948013306,
      13.31384563446045,
      13.266083240509033,
      13.322275400161743,
      13.271115779876709,
      13.206960201263428,
      13.21439003944397,
      13.205904722213745,
      13.341882228851318,
      13.329056024551392,
      13.349320411682129,
      13.159796476364136,
      13.288103580474854,
      12.73461651802063,
      12.518797397613525,
      13.156911373138428,
      13.208167552947998
    ],
    "throughput": [
      3549.2499358691284,
      3953.172513575388,
      3803.186909488326,
      3799.462722641977,
      3742.3992454132476,
      3764.84526492881,
      3814.686386005394,
      3795.001911550935,
      4405.867453453453,
      3865.8310997557955,
      3889.1953039589075,
      4069.6516778273553,
      4117.723579896319,
      3779.8717989868887,
      3778.509461646514,
      3762.988548925572,
      3760.4418197737855,
      3802.0855881053253,
      3767.8211400234804,
      3775.7909992193418,
      3910.190732014755,
      3788.703757603047,
      3748.8362202415715,
      3751.7181264923106,
      3740.9532928760127,
      3748.655606318112,
      3738.6364171712294,
      3731.877038851759,
      3779.356748380364,
      3742.6388632483486,
      3753.0480243776087,
      3759.3331853393447,
      3722.5953853964643,
      3745.010137461129,
      3749.4801555150398,
      3762.979554324319,
      3747.1076449443412,
      3761.552594974329,
      3779.8251254837933,
      3777.6999052542355,
      3780.127227181127,
      3741.6010082932585,
      3745.2014537301134,
      3739.516204608775,
      3793.3717356236943,
      3756.7437443331623,
      3920.0238129949735,
      3987.603474557094,
      3794.2035622371277,
      3779.479613646944
    ],