{
  "experiment_name": "fsdp_full_resnet18_bs128x2_ampFalse",
  "total_time": 1827.4563419818878,
  "metrics": {
    "train_loss": [
      4.083748817443848,
      3.534628391265869,
      3.1008987426757812,
      2.691944122314453,
      2.3831396102905273,
      2.1528830528259277,
      1.999733328819275,
      1.8819692134857178,
      1.7916259765625,
      1.7140631675720215,
      1.648651361465454,
      1.5926671028137207,
      1.5435166358947754,
      1.4977962970733643,
      1.4641019105911255,
      1.4104318618774414,
      1.3742785453796387,
      1.3495855331420898,
      1.3001108169555664,
      1.2581253051757812,
      1.2242388725280762,
      1.1782972812652588,
      1.1468675136566162,
      1.1095314025878906,
      1.0590105056762695,
      1.027707815170288,
      0.972615659236908,
      0.9310030937194824,
      0.8915950059890747,
      0.8274523615837097,
      0.7837082743644714,
      0.737095832824707,
      0.6768386363983154,
      0.6104259490966797,
      0.5523128509521484,
      0.49371692538261414,
      0.43811628222465515,
      0.3811630606651306,
      0.31753215193748474,
      0.26672106981277466,
      0.22123201191425323,
      0.17984718084335327,
      0.1519695520401001,
      0.1257183998823166,
      0.10995078086853027,
      0.09829258173704147,
      0.08927451074123383,
      0.08288629353046417,
      0.07890241593122482,
      0.077635258436203
    ],
    "train_acc": [
      7.732371807098389,
      15.084135055541992,
      22.918670654296875,
      30.793270111083984,
      37.11738967895508,
      42.01722717285156,
      45.41265869140625,
      48.533653259277344,
      50.36057662963867,
      52.40785217285156,
      54.07652282714844,
      55.2784423828125,
      56.71073913574219,
      57.75640869140625,
      58.51762771606445,
      60.050079345703125,
      60.841346740722656,
      61.43629455566406,
      62.84855651855469,
      63.788063049316406,
      64.81370544433594,
      65.93550109863281,
      66.67668151855469,
      67.49800109863281,
      68.89222717285156,
      69.86778259277344,
      71.03366088867188,
      72.177490234375,
      73.5596923828125,
      75.08012390136719,
      76.41426086425781,
      77.6181869506836,
      79.55729675292969,
      81.46634674072266,
      83.29527282714844,
      85.00801086425781,
      86.54246520996094,
      88.4375,
      90.52484130859375,
      92.31169891357422,
      93.70191955566406,
      95.1221923828125,
      96.08773803710938,
      96.90304565429688,
      97.44190979003906,
      97.75640869140625,
      98.18509674072266,
      98.3633804321289,
      98.48357391357422,
      98.525634765625
    ],
    "test_loss": [
      3.7606902000427245,
      3.2723896629333495,
      3.0395284900665285,
      2.5300209617614744,
      2.7021321769714355,
      2.1249883628845216,
      1.9789613182067871,
      2.0783510795593263,
      2.1270708843231203,
      2.1205956398010253,
      1.963804550933838,
      2.1104597187042238,
      1.7528676622390746,
      1.905946167755127,
      1.816916534614563,
      1.7052557641983033,
      1.668830100440979,
      1.6549881149291992,
      1.7253712831497192,
      1.645191415786743,
      1.5757177341461182,
      1.5608120261192322,
      1.4619480377197265,
      1.5153230415344239,
      1.5097586145401,
      1.5538086460113525,
      1.3073247184753418,
      1.5258742015838622,
      1.4122301496505738,
      1.437977396965027,
      1.3663091522216797,
      1.2529850496292114,
      1.195515849685669,
      1.228309344100952,
      1.3386723556518554,
      1.1694596057891846,
      1.1525795671463013,
      1.17388291349411,
      1.1232582619667053,
      1.0820799884796142,
      1.0378360837936402,
      1.0459004546165467,
      1.01966014251709,
      1.001761915588379,
      1.001724766254425,
      0.9943474412918091,
      0.9927259162902832,
      0.9874740550994873,
      0.9844011047363281,
      0.9847254143714905
    ],
    "test_acc": [
      11.57,
      19.24,
      24.93,
      34.0,
      32.53,
      42.99,
      46.75,
      44.93,
      45.1,
      45.6,
      47.93,
      44.6,
      52.56999999999999,
      50.18,
      51.21,
      54.290000000000006,
      55.26,
      56.32,
      54.779999999999994,
      55.879999999999995,
      57.56,
      57.35,
      60.24,
      59.51,
      59.17,
      58.589999999999996,
      64.39,
      59.74,
      63.12,
      61.95,
      63.88,
      66.25999999999999,
      68.31,
      66.91,
      65.72,
      69.36,
      69.38,
      69.82000000000001,
      71.47,
      71.85000000000001,
      73.24000000000001,
      73.1,
      74.05000000000001,
      74.00999999999999,
      74.24,
      74.11,
      74.42999999999999,
      74.77000000000001,
      74.87,
      74.74
    ],
    "epoch_time": [
      26.7408607006073,
      24.680427312850952,
      25.52609372138977,
      25.297947883605957,
      25.816433429718018,
      25.07043981552124,
      25.46476912498474,
      24.25049877166748,
      24.663569450378418,
      25.022766828536987,
      25.555073022842407,
      25.93889355659485,
      25.286245822906494,
      25.806580781936646,
      25.346278429031372,
      24.4979989528656,
      25.98443365097046,
      24.74913454055786,
      25.144463539123535,
      25.701219081878662,
      25.95160675048828,
      25.15290069580078,
      25.681746006011963,
      25.31647253036499,
      26.448542833328247,
      24.894578456878662,
      26.11967158317566,
      25.485440015792847,
      23.92947292327881,
      25.297595024108887,
      24.64769220352173,
      24.511901140213013,
      26.02466320991516,
      24.319063901901245,
      25.848936557769775,
      26.104106664657593,
      25.370997190475464,
      25.704943418502808,
      23.749120235443115,
      26.03268337249756,
      25.9689781665802,
      25.894580841064453,
      24.890804529190063,
      25.862523555755615,
      26.353068590164185,
      25.819392204284668,
      24.96517300605774,
      25.37315082550049,
      25.06313729286194,
      25.63740587234497
    ],
    "throughput": [
      1866.8060298772018,
      2022.6554170724164,
      1955.64587926625,
      1973.2825851993346,
      1933.6520722702035,
      1991.1896387670977,
      1960.355491737839,
      2058.5143617055373,
      2024.0379276988258,
      1994.983222361693,
      1953.428188421884,
      1924.523106241286,
      1974.1957880824718,
      1934.3903177960553,
      1969.5199095904404,
      2037.7174517823512,
      1921.1502036387699,
      2017.0402289499523,
      1985.327701357675,
      1942.3203172178492,
      1923.5803193211052,
      1984.661753478557,
      1943.7930734270944,
      1971.8386888270131,
      1887.438575145054,
      2005.2558867975738,
      1911.2032033417577,
      1958.7654742890654,
      2086.1303615023367,
      1973.3101092189077,
      2025.3417475274744,
      2036.5617384978646,
      1918.1804428109153,
      2052.710589575666,
      1931.220647643814,
      1912.3427835048958,
      1967.60102195512,
      1942.0388984037534,
      2101.972599620745,
      1917.5894887861768,
      1922.2935796620086,
      1927.8164920451336,
      2005.559922398554,
      1930.2060718235857,
      1894.2765556581808,
      1933.4304853123494,
      1999.58558219833,
      1967.434014928468,
      1991.7698018682352,
      1947.154881760039
    ],