{
  "experiment_name": "fsdp_grad_resnet18_bs128x2_ampFalse",
  "total_time": 1799.264306306839,
  "metrics": {
    "train_loss": [
      4.122471809387207,
      3.5385994911193848,
      3.0884714126586914,
      2.6824913024902344,
      2.3645291328430176,
      2.1249709129333496,
      1.9839638471603394,
      1.8708586692810059,
      1.7805273532867432,
      1.7095184326171875,
      1.6451351642608643,
      1.5852885246276855,
      1.5402277708053589,
      1.4888343811035156,
      1.4617886543273926,
      1.4083491563796997,
      1.3638241291046143,
      1.3408875465393066,
      1.2818610668182373,
      1.2553696632385254,
      1.2110908031463623,
      1.183271884918213,
      1.1371712684631348,
      1.1057181358337402,
      1.0570805072784424,
      1.02205491065979,
      0.9755812287330627,
      0.9232736825942993,
      0.8744994401931763,
      0.8315781354904175,
      0.7742211818695068,
      0.7265283465385437,
      0.6720176935195923,
      0.6147561073303223,
      0.5508662462234497,
      0.4954729676246643,
      0.4248560667037964,
      0.36939579248428345,
      0.31247478723526,
      0.26079118251800537,
      0.21701568365097046,
      0.1813274323940277,
      0.14581286907196045,
      0.12520213425159454,
      0.1041942909359932,
      0.09452185034751892,
      0.08617458492517471,
      0.079815573990345,
      0.07711566984653473,
      0.07599030435085297
    ],
    "train_acc": [
      7.325721263885498,
      15.126201629638672,
      23.225160598754883,
      30.679086685180664,
      37.39984130859375,
      42.738380432128906,
      45.859375,
      48.78004837036133,
      50.77323913574219,
      52.42988967895508,
      54.080528259277344,
      55.64503479003906,
      56.65665054321289,
      57.72435760498047,
      58.627803802490234,
      60.53084945678711,
      61.20192337036133,
      61.98918151855469,
      63.25921630859375,
      63.76001739501953,
      65.0040054321289,
      65.72315979003906,
      67.12339782714844,
      67.74238586425781,
      69.11458587646484,
      70.0380630493164,
      71.21794891357422,
      72.58613586425781,
      73.73397827148438,
      75.17027282714844,
      76.83894348144531,
      77.95272827148438,
      79.67347717285156,
      81.26803588867188,
      83.18109130859375,
      84.9258804321289,
      86.99519348144531,
      88.994384765625,
      90.6590576171875,
      92.36978912353516,
      93.82011413574219,
      95.10416412353516,
      96.27604675292969,
      96.89904022216797,
      97.62820434570312,
      98.01482391357422,
      98.22515869140625,
      98.44351196289062,
      98.515625,
      98.53565979003906
    ],
    "test_loss": [
      3.7425494583129884,
      3.27147646484375,
      2.885356301498413,
      2.734534059906006,
      2.361824153137207,
      2.1203661769866944,
      2.0633536193847655,
      2.414519083595276,
      2.2179734512329103,
      1.9651201492309571,
      1.891311279296875,
      1.7545314964294434,
      1.7920650108337401,
      1.78675809841156,
      2.0059233371734617,
      1.775508642578125,
      1.7381095184326172,
      1.7663636165618897,
      1.6773896787643432,
      1.6516530065536499,
      1.7926561002731323,
      1.3503075808525085,
      1.4803778373718262,
      1.4786665241241455,
      1.4401682716369628,
      1.4358773399353026,
      1.4768860176086427,
      1.4526817592620849,
      1.3379474618911744,
      1.3814113103866577,
      1.3053291757583618,
      1.3631269241333008,
      1.347736604309082,
      1.2411731252670288,
      1.2336965053558349,
      1.254329914855957,
      1.1219904970169068,
      1.1223524287223816,
      1.0873442980766297,
      1.112477313041687,
      1.0727458646774293,
      1.0466171808242797,
      1.0239649455070496,
      1.023237664604187,
      1.0092112196922303,
      1.0066764152526855,
      1.000786866092682,
      0.9981955501556397,
      0.9949125513076782,
      0.995493883228302
    ],
    "test_acc": [
      11.27,
      19.37,
      27.62,
      30.8,
      37.19,
      43.46,
      45.37,
      37.95,
      43.39,
      47.32,
      49.89,
      52.669999999999995,
      52.239999999999995,
      51.519999999999996,
      48.59,
      52.89,
      54.449999999999996,
      54.02,
      55.04,
      55.02,
      53.26,
      61.7,
      59.12,
      59.56,
      60.72,
      61.17,
      60.029999999999994,
      60.809999999999995,
      63.959999999999994,
      63.09,
      64.3,
      64.18,
      64.4,
      66.5,
      68.17999999999999,
      67.4,
      70.49,
      70.38,
      71.28999999999999,
      71.39,
      72.06,
      73.13,
      73.56,
      73.85000000000001,
      74.1,
      74.39,
      74.36,
      74.39,
      74.65,
      74.7
    ],
    "epoch_time": [
      25.57302689552307,
      26.161765575408936,
      25.74146032333374,
      25.95122790336609,
      24.32663869857788,
      23.98975133895874,
      24.48412299156189,
      25.390775680541992,
      24.63778853416443,
      24.885756254196167,
      25.49932885169983,
      25.749637126922607,
      24.52437162399292,
      24.760384798049927,
      24.577167987823486,
      24.375612020492554,
      25.066060304641724,
      25.686511754989624,
      25.658637285232544,
      24.897292852401733,
      23.700172662734985,
      24.38503384590149,
      24.119468450546265,
      25.481781244277954,
      24.430963039398193,
      24.113402843475342,
      26.16140103340149,
      24.352545499801636,
      25.531293630599976,
      25.407575130462646,
      25.52963876724243,
      25.10674786567688,
      24.643844604492188,
      25.190043926239014,
      23.861229419708252,
      24.557156562805176,
      24.818932056427002,
      25.055850982666016,
      24.586331367492676,
      24.361615657806396,
      24.181209564208984,
      23.526921272277832,
      24.45089316368103,
      24.099080562591553,
      24.578044652938843,
      24.06230878829956,
      24.68992829322815,
      23.97491979598999,
      24.43327045440674,
      24.771096229553223
    ],
    "throughput": [
      1952.0567590197631,
      1908.1280984691225,
      1939.2839168005264,
      1923.6084005691678,
      2052.071419259344,
      2080.8885967455276,
      2038.8722935758913,
      1966.0683323769338,
      2026.1558755883282,
      2005.9667662935751,
      1957.6985845520499,
      1938.6680967168272,
      2035.5261600734261,
      2016.123756038379,
      2031.1534683219957,
      2047.9485790154645,
      1991.5375369441617,
      1943.4324316264158,
      1945.5436952893338,
      2005.0372663381527,
      2106.3137686963696,
      2047.1572980158196,
      2069.697352674014,
      1959.0467213201493,
      2043.3087275150524,
      2070.217974793527,
      1908.1546869857923,
      2049.88837821519,
      1955.247576651168,
      1964.768370994521,
      1955.3743182631047,
      1988.3100856819854,
      2025.6579604831775,
      1981.7353294886962,
      2092.0967282083307,
      2032.8086385868453,
      2011.3677690282784,
      1992.3490139901992,
      2030.396452965844,
      2049.1251771310053,
      2064.4128602188466,
      2121.824586492818,
      2041.6432097519603,
      2071.44832228536,
      2031.0810198658733,
      2074.613888434259,
      2021.8770750213903,
      2082.1758915059872,
      2043.1157627118446,
      2015.251950797511
    ],