{
  "experiment_name": "model_parallel_resnet18_bs256_cacheFalse",
  "total_time": 561.9079458713531,
  "metrics": {
    "train_loss": [
      4.094815223644941,
      3.5361526171366373,
      3.2002335805159348,
      2.93169982616718,
      2.707580341436924,
      2.5181759430811956,
      2.3351108856690237,
      2.198993471952585,
      2.064665402510227,
      1.960771539272406,
      1.8533103728905702,
      1.7669909770672139,
      1.6842963420427763,
      1.6065546194712321,
      1.5459241445247944,
      1.4811428968723004,
      1.4191381277182162,
      1.3674292784470778,
      1.3096442381540934,
      1.2613268008598915,
      1.2089100859104058,
      1.1702700171715175,
      1.1233155446174816,
      1.086496948890197,
      1.0357673045916436,
      1.004351725945106,
      0.9663181476103954,
      0.9411501025542235,
      0.8971952099066515,
      0.8657267811970834,
      0.8344305166831383,
      0.8010329173161433,
      0.7761278348091322,
      0.7483754879389054,
      0.724724468206748,
      0.6984950893964523,
      0.6733713024701827,
      0.6572194678661151,
      0.6383175981350434,
      0.616800188101255,
      0.6030136436988146,
      0.5963319219075717,
      0.5796128780413896,
      0.5688268187718514,
      0.5636106899151435,
      0.5535165907480778,
      0.5531014855091388,
      0.5492074465140319,
      0.5452413615507957,
      0.5446096058075245
    ],
    "train_acc": [
      7.864583333333333,
      15.370592948717949,
      21.556490384615383,
      26.300080128205128,
      30.63701923076923,
      34.39102564102564,
      38.59375,
      41.50240384615385,
      44.445112179487175,
      47.05128205128205,
      49.15865384615385,
      51.24599358974359,
      53.1630608974359,
      54.99399038461539,
      56.81290064102564,
      58.31330128205128,
      59.70352564102564,
      61.0556891025641,
      62.209535256410255,
      63.84214743589743,
      64.97395833333334,
      66.32011217948718,
      67.37580128205128,
      68.36338141025641,
      69.89983974358974,
      70.59895833333333,
      71.64463141025641,
      72.48197115384616,
      73.6358173076923,
      74.46915064102564,
      75.6270032051282,
      76.41626602564102,
      77.0693108974359,
      78.02684294871794,
      78.5556891025641,
      79.55328525641025,
      80.40064102564102,
      80.75120192307692,
      81.45232371794872,
      81.92307692307692,
      82.58613782051282,
      82.81850961538461,
      83.36338141025641,
      83.60176282051283,
      84.03445512820514,
      84.3389423076923,
      84.47916666666667,
      84.47716346153847,
      84.5332532051282,
      84.59535256410257
    ],
    "test_loss": [
      3.7786488052368163,
      3.3284154190063475,
      2.985492031097412,
      2.7134726882934572,
      2.6350707176208497,
      2.6029564163208008,
      2.619949010848999,
      2.310712830734253,
      2.111789524078369,
      2.0787276247024535,
      2.083535636138916,
      1.9352368370056152,
      1.85202299118042,
      1.759689612007141,
      1.718111005783081,
      1.8629934635162353,
      1.6453285522460936,
      1.5997317975997924,
      1.5605060260772705,
      1.550244095993042,
      1.5434435304641723,
      1.5145833822250365,
      1.562613663673401,
      1.4656803565979004,
      1.4322341733932495,
      1.4453179452896119,
      1.4097616413116456,
      1.3669073986053466,
      1.3682001863479614,
      1.3545093925476075,
      1.3732611209869385,
      1.3438220111846924,
      1.305238493347168,
      1.3076401857376099,
      1.311190439224243,
      1.2948168363571166,
      1.2744249435424804,
      1.2787868278503418,
      1.2641848920822143,
      1.2568277274131774,
      1.2548799184799195,
      1.2452413047790527,
      1.2428904355049133,
      1.2350697330474854,
      1.2348942171096802,
      1.237438699245453,
      1.232239385986328,
      1.2294715440750121,
      1.2265416522979737,
      1.2282919008255004
    ],
    "test_acc": [
      11.559999999999999,
      18.35,
      25.040000000000003,
      30.570000000000004,
      32.79,
      32.85,
      34.65,
      40.28,
      43.730000000000004,
      44.690000000000005,
      45.67,
      48.0,
      50.03999999999999,
      52.17,
      53.55,
      51.43,
      54.93,
      56.75,
      57.08,
      57.709999999999994,
      58.41,
      58.53,
      58.28,
      60.17,
      60.56,
      60.760000000000005,
      61.17,
      62.3,
      62.77,
      63.27,
      63.09,
      63.7,
      63.980000000000004,
      64.41,
      64.67,
      64.67,
      64.92,
      65.77,
      65.8,
      65.98,
      65.86999999999999,
      66.03999999999999,
      66.21000000000001,
      66.4,
      66.58,
      66.32000000000001,
      66.36,
      66.49000000000001,
      66.74,
      66.67
    ],
    "epoch_time": [
      11.072646617889404,
      10.354276657104492,
      10.452927827835083,
      10.500629901885986,
      10.343587398529053,
      10.365600109100342,
      10.334070205688477,
      10.391999959945679,
      10.33494520187378,
      10.394378185272217,
      10.393992900848389,
      10.35113525390625,
      10.348756551742554,
      10.330072402954102,
      10.403203010559082,
      10.328843593597412,
      10.391873598098755,
      10.382811069488525,
      10.317131042480469,
      10.408678770065308,
      10.398862838745117,
      10.394805192947388,
      10.383266687393188,
      10.324302673339844,
      10.378382444381714,
      10.328970193862915,
      10.41115951538086,
      10.391913414001465,
      10.336206912994385,
      10.366815090179443,
      10.337090492248535,
      10.344426393508911,
      10.39068865776062,
      10.38460659980774,
      10.372340440750122,
      10.353990077972412,
      10.453927278518677,
      10.398989915847778,
      10.416122913360596,
      10.379431962966919,
      10.374945402145386,
      10.380917072296143,
      10.37716817855835,
      10.41481614112854,
      10.349481344223022,
      10.403539180755615,
      10.394566774368286,
      10.383565902709961,
      10.347681999206543,
      10.3240807056427
    ],
    "throughput": [
      4508.407223919463,
      4821.19627021438,
      4775.695462764807,
      4754.000518676886,
      4826.178585497238,
      4815.929562647646,
      4830.623269089184,
      4803.695168630557,
      4830.214289955717,
      4802.596087059022,
      4802.7741096422515,
      4822.659425801772,
      4823.767932930486,
      4832.492750556552,
      4798.522142587433,
      4833.067666059358,
      4803.753580021712,
      4807.946486351614,
      4838.554419291171,
      4795.997753679047,
      4800.524901050056,
      4802.398801458007,
      4807.735513584585,
      4835.19338588426,
      4809.998115556432,
      4833.0084280483825,
      4794.8549752072295,
      4803.7351747697085,
      4829.624679556482,
      4815.365140185588,
      4829.211859703992,
      4825.7871534882415,
      4804.3013937017195,
      4807.115177663468,
      4812.7999929387015,
      4821.329711934171,
      4775.238881045064,
      4800.466237968293,
      4792.570173684146,
      4809.511751520799,
      4811.5915857906375,
      4808.823695665864,
      4810.56094890573,
      4793.171509083473,
      4823.430115931834,
      4798.367087648559,
      4802.50895334056,
      4807.596972728954,
      4824.268855945501,
      4835.297342524247
    ],