{
  "experiment_name": "ps_gpu_mode_resnet18_bs128_workers2",
  "total_time": 2891.690003633499,
  "metrics": {
    "train_loss": [
      4.1067699041122046,
      3.5078456866435515,
      3.1843193592169348,
      2.9526805963271703,
      2.707950535798684,
      2.495471011675321,
      2.3468005657196045,
      2.1969005346298216,
      2.0563621704395,
      1.9323059075917952,
      1.806339377623338,
      1.7430445567155495,
      1.6399578742491894,
      1.554801806425437,
      1.502260657457205,
      1.4298107275596033,
      1.3712580919265747,
      1.3107211589813232,
      1.251098871536744,
      1.1933001940066998,
      1.1731373469034831,
      1.1230357555242685,
      1.0637951728625175,
      1.0320965140293805,
      1.0022753663552113,
      0.9418569207191467,
      0.911167359046447,
      0.8816620591359261,
      0.8681923964084723,
      0.8050375629694034,
      0.788551300458419,
      0.7518701088734162,
      0.724809988339742,
      0.7054589772835757,
      0.6585493680758354,
      0.6511364036645645,
      0.6235791215529809,
      0.5851861450916681,
      0.567679859430362,
      0.5437424760598403,
      0.5089421799549689,
      0.5006982195071685,
      0.4999429878516075,
      0.4822194857475085,
      0.48230489247884506,
      0.47604634425578973,
      0.458551060847747,
      0.45746612487695154,
      0.4340979848152552,
      0.42730652025112736
    ],
    "train_acc": [
      7.271634615384616,
      16.201923076923077,
      21.734775641025642,
      25.741185897435898,
      30.661057692307693,
      35.02003205128205,
      37.804487179487175,
      41.78285256410256,
      44.39903846153846,
      47.4599358974359,
      50.62900641025641,
      52.10336538461539,
      54.44711538461539,
      56.774839743589745,
      57.672275641025635,
      59.55128205128205,
      60.837339743589745,
      62.70432692307693,
      64.2548076923077,
      65.48076923076923,
      65.85336538461539,
      67.13141025641025,
      68.62179487179488,
      70.0,
      70.5048076923077,
      71.95913461538461,
      72.96875,
      73.48958333333333,
      73.83814102564102,
      75.48477564102564,
      76.42628205128204,
      77.48798076923077,
      77.98076923076923,
      78.81810897435896,
      80.34455128205128,
      80.0400641025641,
      80.85336538461539,
      82.17548076923077,
      82.92067307692308,
      83.36538461538461,
      84.53125,
      84.9238782051282,
      84.87179487179488,
      85.32451923076924,
      85.2764423076923,
      85.51282051282051,
      85.96554487179488,
      86.06971153846153,
      86.7548076923077,
      87.0673076923077
    ],
    "test_loss": [
      3.7006949287414552,
      3.3222427215576174,
      3.046601838684082,
      2.9275779861450197,
      2.5337934108734133,
      2.468013524246216,
      2.4577552249908448,
      2.4125327011108397,
      2.002668168258667,
      2.1652482513427733,
      2.230827320480347,
      1.9426240547180176,
      1.6749012023925782,
      1.9260607906341554,
      1.869394228744507,
      1.7648532842636109,
      1.5682016788482667,
      1.656537948036194,
      1.8368971866607666,
      1.6978338872909546,
      1.458242481994629,
      1.763695665359497,
      1.7265394580841065,
      1.7280909408569336,
      1.4664799030303954,
      1.529346739578247,
      1.4845983936309814,
      1.6023026630401611,
      1.388912104511261,
      1.6090727405548095,
      1.856013348007202,
      1.500878923034668,
      1.3661002346038817,
      1.6117167976379394,
      1.463326732826233,
      1.5029318800926208,
      1.3803173238754272,
      1.6360175077438355,
      1.5193197374343872,
      1.3639598405838014,
      1.3503872814178466,
      1.4414868815422057,
      1.3721220539093018,
      1.3594806144714355,
      1.4127347467422486,
      1.3390946838378905,
      1.3961402758598327,
      1.3606232915878296,
      1.3180507305145264,
      1.4067230237960815
    ],
    "test_acc": [
      12.989999999999998,
      19.63,
      24.75,
      27.810000000000002,
      35.19,
      36.059999999999995,
      36.22,
      38.82,
      46.62,
      43.480000000000004,
      43.44,
      49.11,
      53.73,
      49.82,
      50.870000000000005,
      53.06999999999999,
      57.489999999999995,
      55.66,
      52.99,
      56.04,
      59.8,
      55.620000000000005,
      56.48,
      55.589999999999996,
      60.77,
      59.48,
      60.72,
      57.96,
      63.629999999999995,
      59.58,
      56.21000000000001,
      61.019999999999996,
      63.980000000000004,
      59.95,
      63.029999999999994,
      62.1,
      65.23,
      60.79,
      62.71,
      66.11,
      66.16,
      64.17,
      65.94,
      66.25999999999999,
      65.03,
      66.4,
      65.51,
      66.25,
      67.27,
      66.13
    ],
    "epoch_time": [
      52.20141077041626,
      49.259753942489624,
      47.3126654624939,
      49.75976300239563,
      48.536386489868164,
      47.809603691101074,
      47.59905767440796,
      52.095627784729004,
      50.284096479415894,
      47.344786405563354,
      46.65652108192444,
      49.85830640792847,
      48.68793702125549,
      46.250717878341675,
      47.63506770133972,
      49.92916989326477,
      49.57246804237366,
      44.81284308433533,
      44.391732931137085,
      47.54876732826233,
      50.264766454696655,
      47.06005001068115,
      45.854652881622314,
      48.273857831954956,
      48.64906597137451,
      45.9367413520813,
      47.138882875442505,
      48.69662117958069,
      47.74008750915527,
      45.036590337753296,
      47.66223502159119,
      49.019898414611816,
      49.074031352996826,
      48.90578508377075,
      47.86401963233948,
      50.67787456512451,
      48.88828134536743,
      47.85089111328125,
      47.644368410110474,
      51.45373034477234,
      40.58236527442932,
      43.410584688186646,
      41.910003662109375,
      42.093644857406616,
      40.693880796432495,
      43.00171446800232,
      40.2673499584198,
      42.411802768707275,
      41.025909185409546,
      43.05313181877136
    ],
    "throughput": [
      956.2959939828065,
      1013.403356790641,
      1055.1085953838938,
      1003.2202122344645,
      1028.5067268124844,
      1044.14168171178,
      1048.7602578493884,
      958.2378046441979,
      992.7592120589272,
      1054.3927597935904,
      1069.9468979340572,
      1001.2373784132732,
      1025.3053025887425,
      1079.3345982501296,
      1047.9674409824763,
      999.8163419643392,
      1007.0105841276509,
      1113.9663668750782,
      1124.5337071530564,
      1049.8694877906592,
      993.1409916127355,
      1060.7723533797719,
      1088.6572433308506,
      1034.100074905457,
      1026.1245309287813,
      1086.711824362749,
      1058.9983672694616,
      1025.1224580019177,
      1045.6620966693176,
      1108.432046600851,
      1047.3701029208144,
      1018.3619634984776,
      1017.2386213987189,
      1020.7381379215567,
      1042.954611490076,
      985.0452574890331,
      1021.1035983724622,
      1043.2407597555577,
      1047.762866123053,
      970.1920476028583,
      1230.090943749261,
      1149.9499571030833,
      1191.1237327123506,
      1185.927238401554,
      1226.720062648248,
      1160.8839465492845,
      1239.7140624239628,
      1177.0308438016339,
      1216.7920465673324,
      1159.4975299389173
    ],