{
  "experiment_name": "ps_mode_resnet18_bs128_workers2",
  "total_time": 2615.7107791900635,
  "metrics": {
    "train_loss": [
      4.101318804423014,
      3.5025149761102137,
      3.1660753775865604,
      2.9446751423371142,
      2.7193974604973428,
      2.4812284934215056,
      2.301596818214808,
      2.1864106642894257,
      2.0087996317790107,
      1.8797878656631861,
      1.7735523205537063,
      1.7110010275473961,
      1.6113495404903706,
      1.5410778027314407,
      1.459874880619538,
      1.4154001553853353,
      1.3373573003671109,
      1.264372485723251,
      1.2234498717846014,
      1.1780702645962056,
      1.1180217189666553,
      1.0835945716271034,
      1.0401466666123806,
      1.0167131900787354,
      0.9630563977437142,
      0.9420148617182023,
      0.907314543846326,
      0.8661866029103596,
      0.825882347424825,
      0.7913826722365159,
      0.7664026798346104,
      0.7371482421190311,
      0.702557455882048,
      0.6754150583193852,
      0.6683772747333233,
      0.629024139734415,
      0.5909911747162159,
      0.5833102137614519,
      0.5631232544397696,
      0.5437668493160834,
      0.5099286722831237,
      0.4922122484598404,
      0.48713869192661385,
      0.4791640489529341,
      0.4768570864811922,
      0.46446102934005934,
      0.46172036406321404,
      0.4368639723612712,
      0.4297467997440925,
      0.4270142491047199
    ],
    "train_acc": [
      7.748397435897436,
      16.06169871794872,
      21.73076923076923,
      26.14983974358974,
      30.384615384615383,
      35.81730769230769,
      39.09855769230769,
      41.999198717948715,
      45.74519230769231,
      48.59775641025641,
      51.18189102564102,
      52.315705128205124,
      54.875801282051285,
      56.68269230769231,
      58.68990384615385,
      60.13621794871795,
      61.414262820512825,
      63.88221153846154,
      64.8036858974359,
      65.84935897435898,
      67.7363782051282,
      68.58573717948718,
      69.35496794871796,
      70.1963141025641,
      71.23397435897436,
      72.1875,
      73.0488782051282,
      74.11458333333333,
      75.36057692307693,
      76.06570512820512,
      76.77884615384616,
      78.02483974358975,
      78.8701923076923,
      79.48317307692308,
      79.68349358974359,
      80.64102564102565,
      82.25160256410257,
      82.52003205128206,
      82.82051282051283,
      83.48958333333333,
      84.31490384615384,
      84.81971153846153,
      84.95592948717949,
      85.45673076923077,
      85.48878205128206,
      85.64903846153847,
      85.81330128205128,
      86.79086538461539,
      86.9551282051282,
      87.03525641025641
    ],
    "test_loss": [
      3.753837989807129,
      3.2851866317749026,
      3.2216013732910156,
      2.901774769973755,
      2.6030067646026613,
      2.366100230026245,
      2.455457012939453,
      2.333137347793579,
      1.9937676662445067,
      1.9776635856628417,
      2.0542464973449706,
      2.111760089492798,
      1.6981340509414673,
      1.8545146690368652,
      1.7503360256195069,
      1.9474988851547241,
      1.5343753326416016,
      1.8305677310943604,
      1.7209130264282226,
      1.5577281541824342,
      1.4769001567840576,
      1.6624160055160522,
      1.6198066431045532,
      1.4278094354629516,
      1.4286659269332886,
      1.5704115730285644,
      1.511576337814331,
      1.4445935388565063,
      1.4027542434692384,
      1.5891298442840576,
      1.5375095609664917,
      1.4038706071853637,
      1.3105990089416504,
      1.5588524461746216,
      1.4796403715133668,
      1.361921516227722,
      1.4746946126937865,
      1.5580527366638184,
      1.5216427551269531,
      1.3253790304183959,
      1.3514888731002808,
      1.3424467796325683,
      1.3692759983062743,
      1.3758662061691285,
      1.393217173576355,
      1.4134546207427978,
      1.3424803644180299,
      1.3639084815979003,
      1.3270383132934571,
      1.3629143147468568
    ],
    "test_acc": [
      11.700000000000001,
      20.0,
      21.279999999999998,
      27.52,
      33.43,
      37.93,
      37.89,
      40.17,
      46.43,
      46.73,
      46.94,
      45.83,
      53.76,
      51.59,
      53.14,
      50.68,
      57.89,
      51.65,
      55.21,
      58.32000000000001,
      59.589999999999996,
      56.15,
      57.599999999999994,
      61.18,
      61.36000000000001,
      59.07,
      59.39,
      62.029999999999994,
      63.0,
      59.47,
      61.21,
      63.17,
      64.62,
      60.4,
      62.580000000000005,
      64.52,
      62.99,
      61.41,
      63.07000000000001,
      66.4,
      66.2,
      65.47,
      65.27,
      64.77000000000001,
      64.89,
      64.92999999999999,
      66.32000000000001,
      66.08000000000001,
      66.46,
      65.9
    ],
    "epoch_time": [
      44.43162941932678,
      48.23197150230408,
      42.40191173553467,
      42.277101039886475,
      48.640777587890625,
      41.8888418674469,
      41.16372799873352,
      46.09473395347595,
      42.71078705787659,
      40.444170236587524,
      43.179831981658936,
      43.922760248184204,
      40.18708062171936,
      38.75395059585571,
      40.23368453979492,
      43.05392909049988,
      41.66535472869873,
      44.036651372909546,
      42.578627586364746,
      43.072702407836914,
      38.38904905319214,
      42.84057307243347,
      43.206618547439575,
      43.924105167388916,
      41.21239376068115,
      39.298012495040894,
      42.81470704078674,
      42.936686277389526,
      40.80701732635498,
      39.88461637496948,
      43.07421803474426,
      41.768609285354614,
      40.11518859863281,
      40.51637601852417,
      43.19164276123047,
      42.11750912666321,
      40.241026163101196,
      40.65501165390015,
      44.10616683959961,
      42.57669472694397,
      38.20087718963623,
      38.000192165374756,
      37.65610480308533,
      38.24920058250427,
      37.58370018005371,
      38.04180645942688,
      37.74719786643982,
      37.82474637031555,
      38.186394929885864,
      38.12893843650818
    ],
    "throughput": [
      1123.5239547232516,
      1034.9981235499629,
      1177.3054080994382,
      1180.7810557517369,
      1026.299382443011,
      1191.7254756760024,
      1212.718148403271,
      1082.987051197322,
      1168.7913859408477,
      1234.2940826324639,
      1156.0952812693672,
      1136.5405934856685,
      1242.1902568613164,
      1288.1267388862896,
      1240.75138956325,
      1159.4760583887144,
      1198.1177245471895,
      1133.6011809178972,
      1172.419188447169,
      1158.9706985953417,
      1300.3708409351452,
      1165.250518838692,
      1155.3785433402832,
      1136.505793567371,
      1211.2861070357524,
      1270.2932497234947,
      1165.954492049765,
      1162.6421209474634,
      1223.319009099924,
      1251.6103835795811,
      1158.9299185822442,
      1195.155904257112,
      1244.4164353673598,
      1232.0943999822805,
      1155.779146349326,
      1185.2552782708913,
      1240.5250253228853,
      1227.892896083109,
      1131.8145188527376,
      1172.47241290454,
      1306.7762751150417,
      1313.677567280473,
      1325.6814601787978,
      1305.1253160787396,
      1328.2353722716575,
      1312.2405228900393,
      1322.482272104832,
      1319.7709116478484,
      1307.2718723948212,
      1309.2418002438264
    ],