{
  "experiment_name": "single_gpu_resnet18_bs128_cacheFalse_ampFalse",
  "metrics": {
    "train_loss": [
      3.929602943933927,
      3.307390040006393,
      2.9345825635469875,
      2.633274642015115,
      2.37068900511815,
      2.150631279211778,
      1.984374057329618,
      1.8609056766216572,
      1.7670800612523005,
      1.707242601040082
    ],
    "train_acc": [
      9.837740384615385,
      19.475160256410255,
      26.374198717948715,
      32.365785256410255,
      37.86057692307692,
      42.37379807692307,
      46.47035256410256,
      49.587339743589745,
      51.70472756410256,
      53.19310897435897
    ],
    "test_loss": [
      3.527132522583008,
      3.028907858276367,
      2.7207329750061033,
      2.5548939292907713,
      2.3797370586395266,
      2.099382360267639,
      1.9821416454315186,
      1.8617251077651977,
      1.7575383920669556,
      1.7318574645996094
    ],
    "test_acc": [
      15.989999999999998,
      24.709999999999997,
      30.95,
      34.63,
      39.019999999999996,
      44.28,
      46.62,
      49.47,
      51.839999999999996,
      52.580000000000005
    ],
    "epoch_time": [
      16.189297676086426,
      15.429438591003418,
      15.280401468276978,
      14.912115335464478,
      15.34940242767334,
      15.072682619094849,
      14.2121422290802,
      15.015539407730103,
      15.341620683670044,
      14.97010612487793
    ],
    "throughput": [
      3083.5185687973326,
      3235.373711465257,
      3266.9298711579595,
      3347.6135931753847,
      3252.2438730252816,
      3311.9519107208416,
      3512.4894752218356,
      3324.5558913655036,
      3253.8935115985455,
      3334.645698806431
    ],
    "gpu_memory": [
      713.94384765625,
      713.94384765625,
      713.94384765625,
      713.94384765625,
      713.94384765625,
      713.94384765625,
      713.94384765625,
      713.94384765625,
      713.94384765625,
      713.94384765625
    ]
  },
  "total_time": 164.1052224636078,
  "model": "resnet18",
  "batch_size": 128,
  "use_cache": false,
  "use_amp": false,
  "best_acc": 52.580000000000005,
  "total_params": 11220132,
  "gpu": 0,
  "training_type": "single_gpu"
}