{
  "experiment_name": "single_gpu_resnet18_bs256_cacheFalse_ampFalse",
  "total_time": 118.69956493377686,
  "metrics": {
    "train_loss": [
      4.050398457355988,
      3.420601897361951,
      2.9618343548896986,
      2.551303955224844,
      2.210658548428462,
      1.9346433859605057,
      1.7162118361546443,
      1.5205459386874467,
      1.3740443382507717,
      1.2791302509796925
    ],
    "train_acc": [
      7.904647435897435,
      17.279647435897434,
      25.374599358974358,
      33.29727564102564,
      40.64102564102564,
      47.009214743589745,
      52.17347756410257,
      57.25761217948718,
      60.98958333333333,
      63.60977564102564
    ],
    "test_loss": [
      3.702766932296753,
      3.149877180862427,
      2.8229706329345703,
      2.5122227519989013,
      2.044772550201416,
      1.979875905227661,
      1.8080507585525514,
      1.604382434654236,
      1.4477848651885987,
      1.3770121458053588
    ],
    "test_acc": [
      11.78,
      22.38,
      28.1,
      34.28,
      44.75,
      46.42,
      50.2,
      55.02,
      58.84,
      60.45
    ],
    "epoch_time": [
      10.728342533111572,
      10.243947744369507,
      10.479651689529419,
      10.160798788070679,
      10.181292533874512,
      10.195809364318848,
      10.214480638504028,
      10.168318510055542,
      10.27746295928955,
      10.1993727684021
    ],
    "throughput": [
      4653.0952797162,
      4873.1213049615635,
      4763.517097603233,
      4912.999562456522,
      4903.110271501338,
      4896.129205269327,
      4887.179462832785,
      4909.366278272427,
      4857.229862830935,
      4894.418620981611
    ],
    "gpu_memory": [
      1293.6201171875,
      1293.6201171875,
      1293.6201171875,
      1293.6201171875,
      1293.6201171875,
      1293.6201171875,
      1293.6201171875,
      1293.6201171875,
      1293.6201171875,
      1293.6201171875
    ]
  },
  "model": "resnet18",
  "batch_size": 256,
  "use_cache": false,
  "use_amp": false,
  "best_acc": 60.45,
  "total_params": 11220132,
  "gpu": 0,
  "training_type": "single_gpu"
}