{
  "experiment_name": "single_gpu_resnet18_bs256_cacheTrue_ampFalse",
  "total_time": 542.268640756607,
  "metrics": {
    "train_loss": [
      4.0202185606345155,
      3.4036298042688613,
      2.9228980883573876,
      2.4765713251554047,
      2.1039774974187213,
      1.7984488823474982,
      1.502799949890528,
      1.2526462447948945,
      1.0159253967113984,
      0.7744065102858421,
      0.608289261506154,
      0.4521327949487246,
      0.3590756839666611,
      0.2620910405348509,
      0.17918887849037463,
      0.09872278045767392,
      0.03180093018767925,
      0.007424587892511716,
      0.005693094957715426,
      0.00669375252790558,
      0.007537177572838771,
      0.007849499334891636,
      0.00794641690997359,
      0.007822865087729999,
      0.007568582259596159,
      0.007410364812956406,
      0.007242789226942338,
      0.007022931137814736,
      0.006938534590582817,
      0.006848646191736827,
      0.0067332982372205995,
      0.0067448859103024,
      0.006681901015914403,
      0.00665589848246712,
      0.006648853519119514,
      0.006590919540478633,
      0.00649914616623368,
      0.006490356795107707,
      0.006560822733892844,
      0.0065046517703777704,
      0.00647653645525376,
      0.006399300317160594,
      0.006367682660810458,
      0.00639209593526828,
      0.0064122597925747055,
      0.006315762776499375,
      0.006368294754662575,
      0.006368701565915193,
      0.006358571866383919,
      0.0063542449154341835
    ],
    "train_acc": [
      8.177083333333334,
      17.425881410256412,
      26.183894230769234,
      34.875801282051285,
      42.96073717948718,
      50.01201923076923,
      56.895032051282044,
      63.32532051282052,
      69.74358974358974,
      76.6766826923077,
      81.39423076923077,
      86.21995192307692,
      89.08253205128204,
      92.265625,
      95.0,
      97.75240384615384,
      99.61338141025641,
      100.0,
      100.0,
      100.0,
      100.0,
      100.0,
      100.0,
      100.0,
      100.0,
      100.0,
      100.0,
      100.0,
      100.0,
      100.0,
      100.0,
      100.0,
      100.0,
      100.0,
      100.0,
      100.0,
      100.0,
      100.0,
      100.0,
      100.0,
      100.0,
      100.0,
      100.0,
      100.0,
      100.0,
      100.0,
      100.0,
      100.0,
      100.0,
      100.0
    ],
    "test_loss": [
      3.657296499252319,
      3.232369770050049,
      2.923842562866211,
      2.593842258834839,
      2.22593519821167,
      2.3671366870880126,
      2.384837041473389,
      2.1905181247711183,
      2.3895390338897706,
      2.781345069885254,
      2.6335344051361083,
      2.8325336330413817,
      2.873774301147461,
      2.808474880218506,
      2.954945121383667,
      2.5139756607055666,
      2.034582395744324,
      1.8347417945861817,
      1.7628740430831908,
      1.7295937397003174,
      1.7213900074005126,
      1.7135815147399902,
      1.7212334508895875,
      1.7288181310653687,
      1.7433093584060668,
      1.755710986328125,
      1.782196766281128,
      1.7963567991256715,
      1.8259130918502808,
      1.840732301712036,
      1.8594176387786865,
      1.8836815856933593,
      1.8983255916595458,
      1.9040849285125732,
      1.9192667079925536,
      1.9368666738510132,
      1.9431004518508912,
      1.9477013004302979,
      1.9574212060928344,
      1.9576874431610107,
      1.9679841083526612,
      1.9735625862121582,
      1.973284283065796,
      1.978966919517517,
      1.9833627101898192,
      1.9816703218460083,
      1.9873640371322632,
      1.9860772052764892,
      1.9865812509536742,
      1.9855705368041991
    ],
    "test_acc": [
      13.700000000000001,
      20.979999999999997,
      27.639999999999997,
      33.45,
      40.83,
      40.6,
      41.72,
      45.01,
      43.47,
      40.43,
      42.91,
      42.93,
      43.95,
      43.730000000000004,
      44.6,
      48.05,
      53.6,
      56.089999999999996,
      56.230000000000004,
      56.26,
      56.230000000000004,
      56.07,
      55.800000000000004,
      56.010000000000005,
      55.83,
      55.83,
      55.57,
      55.55,
      55.17999999999999,
      55.25,
      54.97,
      54.98,
      54.76,
      54.72,
      54.510000000000005,
      54.56999999999999,
      54.48,
      54.49,
      54.39000000000001,
      54.379999999999995,
      54.339999999999996,
      54.339999999999996,
      54.42,
      54.35,
      54.169999999999995,
      54.279999999999994,
      54.190000000000005,
      54.16,
      54.25,
      54.26
    ],
    "epoch_time": [
      10.386316061019897,
      9.917994022369385,
      9.906688213348389,
      9.981155633926392,
      9.960961818695068,
      9.955939769744873,
      9.941935300827026,
      9.997835159301758,
      9.986964464187622,
      9.916374683380127,
      9.940659999847412,
      9.987007856369019,
      9.982417106628418,
      9.928121089935303,
      9.986909866333008,
      9.99208927154541,
      10.013274669647217,
      10.0483717918396,
      10.06230878829956,
      9.991180896759033,
      9.995082139968872,
      9.94873309135437,
      9.966156482696533,
      9.957801103591919,
      9.927191019058228,
      9.932413578033447,
      9.946378231048584,
      9.968599557876587,
      9.936280012130737,
      9.96289849281311,
      9.97028374671936,
      9.936801671981812,
      9.964437246322632,
      9.94350552558899,
      10.069252252578735,
      9.951105117797852,
      10.033939599990845,
      9.975980520248413,
      10.016581058502197,
      10.001341581344604,
      10.003013134002686,
      9.959369421005249,
      9.956950187683105,
      9.979166507720947,
      9.95919919013977,
      9.946986198425293,
      9.95881962776184,
      9.946398973464966,
      9.959930896759033,
      9.983968257904053
    ],
    "throughput": [
      4806.323985012453,
      5033.275870847342,
      5039.019995878865,
      5001.424868110432,
      5011.564235323989,
      5014.0922057104035,
      5021.15518654073,
      4993.08092247906,
      4998.515833215261,
      5034.097802260948,
      5021.799357463817,
      4998.494115348522,
      5000.792840729191,
      5028.141734754497,
      4998.543159810214,
      4995.952162092643,
      4985.382069995565,
      4967.969043555953,
      4961.0880614245225,
      4996.406382371996,
      4994.4562036541165,
      5017.72432143962,
      5008.952055556446,
      5013.154960686366,
      5028.612817479139,
      5025.968724299118,
      5018.91229554994,
      5007.724476258676,
      5024.0130047719085,
      5010.590044253744,
      5006.878567164727,
      5023.74925533196,
      5009.816286255698,
      5020.362272795444,
      4957.6670390013805,
      5016.528255813173,
      4975.114659853598,
      5004.019394251678,
      4983.736437457099,
      4991.330372428759,
      4990.496296591847,
      5012.365531367279,
      5013.58338236459,
      5002.421791577139,
      5012.451206862487,
      5018.605535805693,
      5012.642247364319,
      5018.901829011357,
      5012.082966985644,
      5000.015896532886
    ],