{
  "experiment_name": "single_gpu_resnet18_bs512_cacheFalse_ampFalse",
  "total_time": 554.4159791469574,
  "metrics": {
    "train_loss": [
      4.03055643789547,
      3.3638664103045905,
      2.9593676586741027,
      2.581014375096744,
      2.3019853547676323,
      2.060346109350932,
      1.8847518999551989,
      1.739783954374569,
      1.6097339846424221,
      1.5139548114894592,
      1.4360131480030178,
      1.3514742126169892,
      1.2601431362407725,
      1.2184256905132962,
      1.1431851092073106,
      1.0846839258351277,
      1.0342658211275475,
      0.9763531832350898,
      0.9197018429176095,
      0.879465956663348,
      0.8155040009734557,
      0.7729549524710351,
      0.7247154700387385,
      0.686393653609089,
      0.6310472608227091,
      0.5858953650464717,
      0.5363656666475473,
      0.4876230343715432,
      0.4446638696586963,
      0.3993798058057569,
      0.3580081518163386,
      0.3132421001023853,
      0.27530518158809425,
      0.24033400385650164,
      0.2067036132529839,
      0.17822213977882542,
      0.15508783385925687,
      0.13404514771146872,
      0.11653739766976268,
      0.10417564420663204,
      0.09229712234329931,
      0.08415567060721289,
      0.07665645031584907,
      0.07181469258881107,
      0.06654374850625844,
      0.06372256035503653,
      0.06111587365109896,
      0.0601226006509717,
      0.05975819041126782,
      0.05917282367950862
    ],
    "train_acc": [
      8.62999355670103,
      18.460051546391753,
      25.85776417525773,
      33.13869201030928,
      38.84906572164948,
      44.253382731958766,
      48.254268685567006,
      51.68733891752577,
      54.66937822164949,
      57.107764175257735,
      59.006523840206185,
      61.37846327319587,
      63.65375322164949,
      64.60011275773195,
      66.57740012886599,
      68.1298324742268,
      69.43258698453609,
      71.35349548969072,
      72.65222293814433,
      73.63079896907216,
      75.4651256443299,
      76.6148518041237,
      77.98002577319588,
      79.15995489690721,
      80.88555090206185,
      82.08158827319588,
      83.58972293814433,
      85.06161404639175,
      86.44490979381443,
      87.8221649484536,
      89.39674613402062,
      90.68540592783505,
      92.09085051546391,
      93.2727931701031,
      94.36815399484536,
      95.3286082474227,
      96.12596649484536,
      96.72398518041237,
      97.38845038659794,
      97.67034471649485,
      98.19184922680412,
      98.35494523195877,
      98.59052835051546,
      98.71134020618557,
      98.8683956185567,
      98.99524806701031,
      99.03753221649485,
      99.12411404639175,
      99.0395457474227,
      99.11807345360825
    ],
    "test_loss": [
      3.6654043087005617,
      3.280736679840088,
      2.79989151802063,
      2.805331349182129,
      2.3376754005432128,
      2.4577032249450683,
      1.9929984451293945,
      1.9425234615325928,
      1.8342883119583129,
      1.7688011167526245,
      1.8100414691925049,
      1.6881772157669068,
      1.6954469829559327,
      1.74967880153656,
      1.4559184139251709,
      1.4481998392105102,
      1.4633039901733398,
      1.4441675132751466,
      1.5695565050125122,
      1.4336517372131348,
      1.375532327079773,
      1.3824682550430298,
      1.3641274690628051,
      1.3192661819458007,
      1.4812050357818602,
      1.3729416385650635,
      1.3456315225601196,
      1.3977054479598998,
      1.2472252071380616,
      1.2669741985321046,
      1.2361283023834229,
      1.2107420160293578,
      1.2766468439102172,
      1.2273597305297852,
      1.2154905735015868,
      1.1555827896118165,
      1.1732851467132568,
      1.15962278175354,
      1.1325860187530516,
      1.1147701793670655,
      1.11455753364563,
      1.1053353813171387,
      1.113463800239563,
      1.1042583316802979,
      1.0998483560562133,
      1.1010082901000977,
      1.0989643062591552,
      1.098797187614441,
      1.0983955041885376,
      1.099900277709961
    ],
    "test_acc": [
      14.030000000000001,
      20.0,
      28.939999999999998,
      30.65,
      39.4,
      39.050000000000004,
      46.51,
      48.28,
      49.47,
      52.559999999999995,
      51.190000000000005,
      54.32,
      54.43,
      54.08,
      59.67,
      59.9,
      59.96,
      60.660000000000004,
      58.330000000000005,
      61.019999999999996,
      62.74999999999999,
      62.5,
      63.17,
      64.78,
      62.1,
      64.57000000000001,
      65.09,
      65.19,
      68.10000000000001,
      67.7,
      68.05,
      69.05,
      68.04,
      68.89999999999999,
      69.73,
      71.21,
      70.96000000000001,
      70.65,
      71.61999999999999,
      71.98,
      72.21,
      72.54,
      72.45,
      72.66,
      72.81,
      73.17,
      73.04,
      73.09,
      73.03,
      72.86
    ],
    "epoch_time": [
      10.585092544555664,
      10.277693748474121,
      10.3649423122406,
      10.305963277816772,
      10.169901132583618,
      10.181260347366333,
      10.194342374801636,
      10.133073806762695,
      10.124232053756714,
      10.133604526519775,
      10.03635573387146,
      10.110123872756958,
      10.180232048034668,
      10.046933889389038,
      10.13388729095459,
      10.157366275787354,
      10.153998374938965,
      10.166462421417236,
      10.12985634803772,
      10.209765434265137,
      10.147261619567871,
      10.185663223266602,
      10.05944538116455,
      10.151975870132446,
      10.194471836090088,
      10.002496719360352,
      10.081551313400269,
      10.12533712387085,
      10.189443826675415,
      10.104981184005737,
      10.115540504455566,
      10.051135301589966,
      10.133911848068237,
      10.078516483306885,
      10.109707117080688,
      10.245009183883667,
      10.161422967910767,
      10.082732677459717,
      10.082020044326782,
      10.111201047897339,
      10.162971496582031,
      10.197425127029419,
      10.193967819213867,
      10.125981092453003,
      10.142513990402222,
      10.03400206565857,
      10.045618772506714,
      10.08588433265686,
      10.217510461807251,
      10.077513456344604
    ],
    "throughput": [
      4691.881510808725,
      4832.212480292417,
      4791.536556971351,
      4818.957593891299,
      4883.429971691679,
      4877.981537211842,
      4871.72180157098,
      4901.178156509116,
      4905.458481818539,
      4900.921470739129,
      4948.409693409943,
      4912.303808049879,
      4878.474259296262,
      4943.199641479885,
      4900.784721015163,
      4889.456444864717,
      4891.078190693381,
      4885.081746367847,
      4902.734875368745,
      4864.36248900704,
      4894.325371904128,
      4875.872970800272,
      4937.051509121127,
      4892.052604864206,
      4871.659934767917,
      4965.1603388054855,
      4926.225980121457,
      4904.92310452709,
      4874.06386892112,
      4914.803807711059,
      4909.673386026641,
      4941.1333655158105,
      4900.77284513454,
      4927.709359037,
      4912.50630951425,
      4847.628646163245,
      4887.504452559083,
      4925.648788748066,
      4925.996951171135,
      4911.780486288304,
      4886.759745090576,
      4870.249046336216,
      4871.900802589542,
      4904.611172641344,
      4896.6163662181425,
      4949.570438098207,
      4943.846777853306,
      4924.109613194159,
      4860.675228632508,
      4928.199819840729
    ],