{
  "experiment_name": "single_gpu_resnet18_bs256_cacheTrue_ampTrue",
  "total_time": 364.98894929885864,
  "metrics": {
    "train_loss": [
      4.004802104754326,
      3.3578126650590163,
      2.871841197136121,
      2.4374164006648917,
      2.08260024755429,
      1.7818160888476249,
      1.5062720005328838,
      1.2419491132100424,
      1.0028568322841938,
      0.7942775090535482,
      0.6128966436936305,
      0.47097916786487287,
      0.3472953206453568,
      0.26876914271941554,
      0.21469283413428528,
      0.14794347419952736,
      0.07329753591464117,
      0.023034854218936883,
      0.006813929172662588,
      0.005521502637137205,
      0.006466418774559712,
      0.007314928207928554,
      0.00765748103029835,
      0.0077317740027912155,
      0.007643633653433659,
      0.007463149733554858,
      0.007375810460115854,
      0.007169810431794478,
      0.007014349071929852,
      0.006915685479553082,
      0.006799817837488193,
      0.006762700840735283,
      0.006750415394512507,
      0.00665776702360465,
      0.0066263744082206335,
      0.006580349991623408,
      0.006518629938364029,
      0.006532563054217742,
      0.006537559986687623,
      0.006486156157767161,
      0.00652151079609608,
      0.006398700074985241,
      0.00640109845986351,
      0.006361062425929002,
      0.006385520542374788,
      0.006429098126215812,
      0.0063782458790601826,
      0.0063786853295870315,
      0.0063445753011948025,
      0.006341168344116364
    ],
    "train_acc": [
      8.653846153846153,
      18.43349358974359,
      27.191506410256412,
      35.96153846153846,
      43.50160256410256,
      50.28645833333333,
      57.08133012820513,
      63.874198717948715,
      70.28846153846153,
      76.00160256410257,
      81.23397435897436,
      85.72716346153845,
      89.54527243589745,
      92.17748397435898,
      93.79607371794872,
      96.07171474358974,
      98.4375,
      99.76963141025641,
      99.99399038461539,
      100.0,
      100.0,
      100.0,
      100.0,
      100.0,
      100.0,
      100.0,
      100.0,
      100.0,
      100.0,
      100.0,
      100.0,
      100.0,
      100.0,
      100.0,
      100.0,
      100.0,
      100.0,
      100.0,
      100.0,
      100.0,
      100.0,
      100.0,
      100.0,
      100.0,
      100.0,
      100.0,
      100.0,
      100.0,
      100.0,
      100.0
    ],
    "test_loss": [
      3.626640528488159,
      3.166220560455322,
      3.0488057266235353,
      2.551882820892334,
      2.2531548667907715,
      2.321750647354126,
      2.5902783107757568,
      2.1629919326782225,
      2.5980598863601685,
      2.616123349571228,
      2.639597371292114,
      2.8441019634246825,
      2.9298251789093017,
      2.7677920429229736,
      2.7242564208984374,
      2.944828596115112,
      2.268220491218567,
      1.9682354278564453,
      1.824035854911804,
      1.7580601800918578,
      1.7219789182662963,
      1.7064966484069823,
      1.7052329582214356,
      1.714763207244873,
      1.722132364845276,
      1.7288646724700927,
      1.7493016345977783,
      1.7671447496414185,
      1.780139904975891,
      1.8034508962631226,
      1.8196313655853271,
      1.8416697135925293,
      1.8524983448028565,
      1.8664255992889405,
      1.8774788097381592,
      1.887282636833191,
      1.898961643600464,
      1.9050976425170898,
      1.9167984849929809,
      1.9264615518569945,
      1.92837623462677,
      1.9332099906921387,
      1.9363997299194335,
      1.9407564790725709,
      1.9447564529418946,
      1.9449910413742066,
      1.9458261043548584,
      1.9506570858001708,
      1.9497666774749756,
      1.9467617021560668
    ],
    "test_acc": [
      13.43,
      22.29,
      25.82,
      35.07,
      40.300000000000004,
      41.5,
      38.98,
      45.59,
      40.510000000000005,
      43.34,
      43.0,
      42.38,
      43.88,
      45.03,
      45.25,
      44.06,
      50.7,
      54.510000000000005,
      55.69,
      55.879999999999995,
      56.03,
      56.05,
      56.14,
      56.230000000000004,
      55.989999999999995,
      56.13,
      55.559999999999995,
      55.74,
      55.93,
      55.720000000000006,
      55.45,
      55.36,
      55.400000000000006,
      55.31,
      55.120000000000005,
      55.14,
      54.910000000000004,
      54.83,
      54.879999999999995,
      54.84,
      54.669999999999995,
      54.93,
      54.84,
      54.84,
      54.879999999999995,
      54.83,
      54.769999999999996,
      54.76,
      54.779999999999994,
      54.72
    ],
    "epoch_time": [
      7.136417388916016,
      6.609166622161865,
      6.54053258895874,
      6.511574745178223,
      6.343461036682129,
      6.306704044342041,
      6.34739089012146,
      6.367403745651245,
      6.29063081741333,
      6.310256242752075,
      6.308854579925537,
      6.410577297210693,
      6.313964128494263,
      6.273381471633911,
      6.266918897628784,
      6.450965166091919,
      6.206681966781616,
      6.350152015686035,
      6.3673717975616455,
      6.386788368225098,
      6.394549369812012,
      6.403820276260376,
      6.300036191940308,
      6.226120471954346,
      6.337003231048584,
      6.248324155807495,
      6.284216642379761,
      6.226704120635986,
      6.513143301010132,
      6.3211963176727295,
      6.290532112121582,
      6.243847846984863,
      6.41674542427063,
      6.364521265029907,
      6.376202583312988,
      6.4275195598602295,
      6.205045700073242,
      6.25578236579895,
      6.240041732788086,
      6.246598720550537,
      6.358086109161377,
      6.17366886138916,
      6.140052080154419,
      6.177373886108398,
      6.3394598960876465,
      6.414421796798706,
      6.4281089305877686,
      6.2430548667907715,
      6.413793325424194,
      6.270397186279297
    ],
    "throughput": [
      6995.106547093736,
      7553.145934104339,
      7632.405973218661,
      7666.348303375527,
      7869.521025088547,
      7915.386491742059,
      7864.648776821236,
      7839.930055337536,
      7935.61114122523,
      7910.93072604426,
      7912.6883283762745,
      7787.130188995723,
      7906.285019060568,
      7957.430968564751,
      7965.636832940067,
      7738.376927284232,
      8042.944727500721,
      7861.229129111946,
      7839.969391942312,
      7816.134983954835,
      7806.648617909968,
      7795.346815877798,
      7923.76400374701,
      8017.83393444849,
      7877.540562929417,
      7989.342222842573,
      7943.71086180375,
      8017.082397501368,
      7664.50202197422,
      7897.239302698798,
      7935.73565959648,
      7995.069902945542,
      7779.644773062544,
      7843.480746036194,
      7829.111347660828,
      7766.6041363374,
      8045.065647044431,
      7979.8172444294305,
      7999.946496783357,
      7991.549038642322,
      7851.4193018037595,
      8085.953607295892,
      8130.224198154446,
      8081.103867172339,
      7874.487861467154,
      7782.462953233595,
      7765.892043686237,
      7996.085420543687,
      7783.225537080804,
      7961.21816800274
    ],