{
  "experiment_name": "single_gpu_resnet18_bs128_cacheFalse_ampFalse",
  "total_time": 675.1939556598663,
  "metrics": {
    "train_loss": [
      4.029527248480381,
      3.435433282607641,
      2.9415762167710526,
      2.545067316446549,
      2.2545721503404472,
      2.061217285425235,
      1.910666941985106,
      1.8187845832262284,
      1.7335441494599366,
      1.6655906561093452,
      1.6058234810829162,
      1.5544317911832761,
      1.5025356320234446,
      1.4600011886694493,
      1.423890211031987,
      1.3775383261533884,
      1.348514209343837,
      1.3160009368872032,
      1.273720703063867,
      1.2259986469378839,
      1.2052608444140507,
      1.1540435881186755,
      1.1220117998428834,
      1.0890611026531611,
      1.0306357264518737,
      1.0010131976543328,
      0.9497463296621274,
      0.9189989634049245,
      0.8680145263671875,
      0.8168763214196915,
      0.7617058736391557,
      0.7051526382947579,
      0.6600910311326003,
      0.5988858754054094,
      0.5432266913927518,
      0.4741362552612256,
      0.41973233692921125,
      0.36858077324353733,
      0.30286401200752994,
      0.24810071339209874,
      0.20848773404573784,
      0.17001549234757057,
      0.14136953969032337,
      0.11978139521983953,
      0.10048492689354298,
      0.08969782870740463,
      0.08363042703041663,
      0.07764899990497491,
      0.07413698163552163,
      0.07301853430003692
    ],
    "train_acc": [
      7.794471153846154,
      16.78886217948718,
      25.560897435897434,
      33.58373397435898,
      39.757612179487175,
      44.226762820512825,
      47.51402243589744,
      49.689503205128204,
      51.83894230769231,
      53.72996794871795,
      54.949919871794876,
      56.17187500000001,
      57.50600961538461,
      58.59174679487179,
      59.69150641025641,
      60.83533653846154,
      61.59254807692308,
      62.16947115384615,
      63.61778846153846,
      64.7275641025641,
      65.1141826923077,
      66.69671474358975,
      67.48798076923077,
      68.33333333333333,
      69.65544871794872,
      70.35657051282051,
      71.90705128205128,
      72.75841346153847,
      74.03445512820512,
      75.64903846153847,
      77.19951923076923,
      78.71794871794872,
      79.82572115384615,
      81.68870192307692,
      83.4755608974359,
      85.54086538461539,
      87.1895032051282,
      88.87820512820512,
      90.98157051282051,
      92.78846153846155,
      94.21875,
      95.40264423076923,
      96.42628205128206,
      97.05929487179488,
      97.7744391025641,
      98.05488782051283,
      98.26722756410257,
      98.4014423076923,
      98.61177884615384,
      98.65184294871796
    ],
    "test_loss": [
      3.8169186782836912,
      3.188272833251953,
      2.7092866889953613,
      2.6138216159820558,
      2.179982427597046,
      2.137496817779541,
      1.972252751159668,
      2.1361587924957277,
      1.8844048683166503,
      1.802370599746704,
      1.8240282794952392,
      1.7344373081207276,
      1.7805940435409546,
      1.6381825241088868,
      1.8787393672943116,
      1.603662444114685,
      1.618726092338562,
      1.6026746391296387,
      1.6541451587677003,
      1.541730652999878,
      1.5203878135681153,
      1.4358003009796143,
      1.4236158727645873,
      1.4426835035324097,
      1.5221727271080017,
      1.3599163291931153,
      1.3566045932769775,
      1.350919151687622,
      1.3001883819580078,
      1.24094114818573,
      1.2487321475982667,
      1.262004026412964,
      1.273979737663269,
      1.2434782121658325,
      1.1496228828430175,
      1.1803554542541503,
      1.2045227293014527,
      1.117412760734558,
      1.0858934219360352,
      1.0824874202728272,
      1.0596784099578858,
      1.0142437284469605,
      1.019790375518799,
      1.002452027988434,
      0.9967947364807129,
      0.9866534894943237,
      0.9859994819641114,
      0.9864810840606689,
      0.9809075183868409,
      0.9801020622253418
    ],
    "test_acc": [
      10.7,
      21.11,
      30.509999999999998,
      34.27,
      42.32,
      42.5,
      46.53,
      44.24,
      49.34,
      51.31,
      50.83,
      52.459999999999994,
      52.61,
      55.19,
      51.910000000000004,
      56.31,
      56.35,
      57.45,
      55.26,
      57.98,
      58.620000000000005,
      60.86,
      61.57,
      59.93000000000001,
      60.540000000000006,
      62.46000000000001,
      63.29,
      63.65,
      65.10000000000001,
      65.99000000000001,
      66.22,
      65.75,
      66.73,
      66.91,
      69.3,
      68.97,
      69.28,
      70.96000000000001,
      71.7,
      71.92,
      72.78999999999999,
      73.48,
      73.9,
      74.3,
      74.15,
      74.53,
      74.63,
      74.42,
      74.77000000000001,
      74.61
    ],
    "epoch_time": [
      13.051397562026978,
      12.140621423721313,
      12.4006667137146,
      12.354904651641846,
      11.91799783706665,
      11.821205377578735,
      12.008206129074097,
      12.122340679168701,
      12.132858276367188,
      12.21047329902649,
      12.189945459365845,
      12.209935903549194,
      12.146976470947266,
      11.669242858886719,
      12.363609790802002,
      11.737266540527344,
      12.198050022125244,
      12.298531293869019,
      11.935364246368408,
      12.319048881530762,
      12.185769081115723,
      12.270869016647339,
      12.251212120056152,
      12.249127864837646,
      12.144395589828491,
      12.23472261428833,
      11.940979480743408,
      11.68841290473938,
      11.886512756347656,
      11.718068838119507,
      11.547756671905518,
      11.548479795455933,
      11.831573247909546,
      11.798152685165405,
      11.462672710418701,
      11.642650604248047,
      11.700911045074463,
      12.56414532661438,
      12.32211184501648,
      11.991333246231079,
      12.128910541534424,
      12.03795599937439,
      11.635813236236572,
      11.970228672027588,
      12.188553094863892,
      12.086973428726196,
      12.274372816085815,
      12.195131301879883,
      11.760401725769043,
      12.245963335037231
    ],
    "throughput": [
      3824.877739165817,
      4111.815883037282,
      4025.590006768801,
      4040.500627689273,
      4188.623012226246,
      4222.919609761894,
      4157.157152652003,
      4118.016587818195,
      4114.446807413547,
      4088.293612990415,
      4095.1782898786637,
      4088.4735509126804,
      4109.664665885951,
      4277.912509292186,
      4037.655736849472,
      4253.11973853813,
      4092.4573935549847,
      4059.021260927781,
      4182.528406302241,
      4052.2608912480387,
      4096.581813400763,
      4068.1715314763583,
      4074.6988551669283,
      4075.3921871695356,
      4110.5380363112,
      4080.1905832912707,
      4180.561576251209,
      4270.896348960995,
      4199.717867070948,
      4260.087621059843,
      4322.917551722417,
      4322.646866442317,
      4219.219114315172,
      4231.170873281519,
      4355.0052645773,
      4287.683423376608,
      4266.334459573042,
      3973.210966786213,
      4051.2536022946024,
      4163.006646128365,
      4115.7859833373495,
      4146.883407996701,
      4290.202926645277,
      4170.346395859141,
      4095.646104297292,
      4130.066165394135,
      4067.0102454912258,
      4093.436861340297,
      4244.752956917856,
      4076.4453260424716
    ],