{
  "experiment_name": "single_gpu_resnet18_bs256_cacheFalse_ampTrue",
  "total_time": 405.12931203842163,
  "metrics": {
    "train_loss": [
      3.982160348158616,
      3.312709166453435,
      2.8628206534263416,
      2.484459927143195,
      2.1939805581019476,
      1.98929435473222,
      1.8200517947857195,
      1.7023349590790577,
      1.5961559790831346,
      1.5153675531729673,
      1.4276722559562096,
      1.363310371301113,
      1.32298668775803,
      1.2554098159838945,
      1.2108613044787675,
      1.1679298752393479,
      1.1160703166937216,
      1.0754336250134005,
      1.0326061019530663,
      0.9938544704363896,
      0.9409468540778527,
      0.8877367184712337,
      0.858484760308877,
      0.8084383078110524,
      0.7587250999915294,
      0.710628470702049,
      0.6657613628949874,
      0.6234577669547154,
      0.5693177250715402,
      0.5182627587746351,
      0.4738319265536773,
      0.41626233473802227,
      0.3807576167277801,
      0.3289453362043087,
      0.2806121172049107,
      0.23599557463939375,
      0.1968905840164576,
      0.1634142987239055,
      0.13347520186350895,
      0.11523490326526838,
      0.09782694765390494,
      0.08347125911177733,
      0.07307422080865274,
      0.06632605277192899,
      0.060134775936603546,
      0.05574382918003278,
      0.05330709832218977,
      0.05104310023478972,
      0.05001793765486815,
      0.04986857549311259
    ],
    "train_acc": [
      8.98036858974359,
      19.084535256410255,
      27.371794871794876,
      34.87980769230769,
      41.26001602564103,
      45.929487179487175,
      49.77564102564103,
      52.39583333333333,
      55.05408653846153,
      57.04326923076923,
      59.244791666666664,
      61.04567307692308,
      61.63060897435897,
      63.63782051282051,
      65.078125,
      66.12580128205127,
      67.43389423076923,
      68.30528846153847,
      69.6113782051282,
      70.60296474358975,
      72.07732371794872,
      73.61578525641026,
      74.22676282051283,
      75.75520833333333,
      77.04126602564104,
      78.36939102564102,
      79.67748397435898,
      81.02764423076924,
      82.57211538461539,
      84.03445512820514,
      85.41266025641025,
      87.2255608974359,
      88.49759615384616,
      90.03205128205128,
      91.63461538461539,
      93.05488782051282,
      94.4931891025641,
      95.69110576923077,
      96.60657051282051,
      97.15344551282051,
      97.71233974358975,
      98.3213141025641,
      98.57371794871796,
      98.81410256410257,
      98.96634615384615,
      99.0264423076923,
      99.13060897435896,
      99.2207532051282,
      99.2207532051282,
      99.27283653846153
    ],
    "test_loss": [
      3.5086741912841797,
      3.2227706203460693,
      2.9654730628967285,
      2.5379824073791504,
      2.1674820430755615,
      2.2420916061401366,
      1.936733581161499,
      1.7921300132751465,
      1.8218226041793824,
      1.7605565467834472,
      1.7033516290664672,
      1.724742412376404,
      1.5944829475402833,
      1.5872623634338379,
      1.6176272079467773,
      1.5767631042480468,
      1.4876010583877564,
      1.4667055736541748,
      1.5217998601913452,
      1.5566617855072022,
      1.4638237174987794,
      1.4004523807525635,
      1.4012024097442628,
      1.3840580596923828,
      1.346072381591797,
      1.408937804222107,
      1.3921442519187928,
      1.2861685634613038,
      1.3210439905166627,
      1.2050545412063598,
      1.246796460533142,
      1.2388234619140626,
      1.2608840627670288,
      1.246915313911438,
      1.165009059906006,
      1.1427447757720948,
      1.1457721284866333,
      1.1023460748672484,
      1.106269857597351,
      1.0860335729599,
      1.069254546356201,
      1.0496127645492555,
      1.0497477161407471,
      1.0451062377929687,
      1.0437353275299073,
      1.0398447540283202,
      1.0370486034393311,
      1.0371295936584473,
      1.0336291191101075,
      1.033189174079895
    ],
    "test_acc": [
      16.05,
      21.77,
      28.02,
      34.64,
      42.35,
      42.15,
      47.63,
      50.6,
      50.01,
      51.910000000000004,
      53.59,
      53.949999999999996,
      55.76,
      56.97,
      56.05,
      57.489999999999995,
      59.040000000000006,
      60.28,
      59.309999999999995,
      58.25,
      60.23,
      62.870000000000005,
      63.07000000000001,
      63.31,
      64.53,
      62.99,
      63.42,
      65.88000000000001,
      65.97,
      68.39,
      67.63,
      67.66,
      67.86,
      69.05,
      70.16,
      71.13000000000001,
      71.6,
      72.23,
      72.18,
      72.97,
      73.26,
      73.61999999999999,
      73.86,
      74.05000000000001,
      73.92999999999999,
      73.95,
      74.02,
      74.0,
      74.22,
      74.21
    ],
    "epoch_time": [
      7.3300697803497314,
      7.795949935913086,
      7.16340708732605,
      6.472491025924683,
      6.571081638336182,
      7.641099691390991,
      7.032580852508545,
      7.145851373672485,
      7.952094554901123,
      6.9216148853302,
      7.069639205932617,
      7.521841764450073,
      7.072982549667358,
      7.311694860458374,
      7.080183029174805,
      7.1124372482299805,
      7.33677864074707,
      7.062309265136719,
      7.520469903945923,
      6.969144582748413,
      7.411548376083374,
      7.742539882659912,
      7.590951442718506,
      7.03664755821228,
      6.549137830734253,
      7.062917470932007,
      6.954907655715942,
      6.844206094741821,
      7.0503151416778564,
      7.353237628936768,
      7.738431453704834,
      7.4994871616363525,
      6.99028468132019,
      6.736917972564697,
      7.6829164028167725,
      7.34816575050354,
      6.81772255897522,
      6.544365644454956,
      6.596433639526367,
      6.763545274734497,
      6.5409016609191895,
      6.5976881980896,
      7.221534252166748,
      7.027935028076172,
      7.400640249252319,
      7.819364070892334,
      7.005083084106445,
      6.645367622375488,
      6.545318365097046,
      7.48177170753479
    ],
    "throughput": [
      6810.303516321808,
      6403.324855902017,
      6968.750957672307,
      7712.641052734137,
      7596.92281233625,
      6533.091049216834,
      7098.389772823354,
      6985.871576327579,
      6277.591350977178,
      7212.189760196191,
      7061.180711755236,
      6636.672448486383,
      7057.84294665731,
      6827.418396515318,
      7050.665186803536,
      7018.691098107504,
      6804.076072672254,
      7068.509481230372,
      6637.883089434003,
      7163.002490086539,
      6735.434684753442,
      6447.496655690487,
      6576.250734403648,
      7094.28738430131,
      7622.377370916203,
      7067.900793892848,
      7177.665394158451,
      7293.760490110299,
      7080.5345572282995,
      6788.846290449357,
      6450.919711397122,
      6656.455158076128,
      7141.340056349761,
      7409.916552835184,
      6497.532627284339,
      6793.532113314018,
      7322.093201678118,
      7627.935649087279,
      7567.725642061386,
      7380.744561063001,
      7631.975312863024,
      7566.2866296795655,
      6912.658481820814,
      7103.082171444762,
      6745.362336055097,
      6384.150878180456,
      7126.253807504654,
      7511.999762348036,
      7626.8253453031,
      6672.21641496041
    ],