{
  "experiment_name": "single_gpu_resnet18_bs256_cacheFalse_ampFalse",
  "total_time": 550.358909368515,
  "metrics": {
    "train_loss": [
      3.9852276337452426,
      3.3086472706917003,
      2.8385095082796536,
      2.459868937272292,
      2.177988113501133,
      1.9641249167613495,
      1.8165876364096618,
      1.6833490536763118,
      1.5916797582919782,
      1.500204228132199,
      1.4156699260075887,
      1.3527845706695165,
      1.3059968092502692,
      1.2439639256550716,
      1.1981925994921954,
      1.149375845835759,
      1.1106355706850688,
      1.0642433939835965,
      1.0213977434696295,
      0.9794791132975847,
      0.9463639861498123,
      0.882932787675124,
      0.8426979804650331,
      0.8051656594643226,
      0.7571302001292889,
      0.7098149981254186,
      0.6696821796588409,
      0.6186598242857517,
      0.5762938273258699,
      0.5139984376919575,
      0.46942586715404805,
      0.4181165968760466,
      0.37350299067986314,
      0.31815061645630077,
      0.2732459957018877,
      0.23527210584053626,
      0.1962557328817172,
      0.1668734020147568,
      0.13435066357637063,
      0.1140718339345394,
      0.09475418426669562,
      0.08227519008975763,
      0.07232282478839923,
      0.06549531620664474,
      0.060636908885760184,
      0.05506786075540078,
      0.05305262201298506,
      0.05080755818157624,
      0.050299770967700545,
      0.048173681914042206
    ],
    "train_acc": [
      8.970352564102564,
      19.036458333333332,
      27.854567307692307,
      35.236378205128204,
      41.54847756410256,
      46.46834935897436,
      49.90584935897436,
      53.0088141025641,
      55.164262820512825,
      57.56009615384615,
      59.71354166666667,
      61.14182692307693,
      62.34775641025641,
      64.1806891025641,
      65.1181891025641,
      66.45432692307692,
      67.48197115384616,
      68.6358173076923,
      69.81971153846153,
      70.87740384615384,
      71.76282051282051,
      73.65584935897435,
      74.64142628205128,
      75.69110576923077,
      77.01722756410257,
      78.3974358974359,
      79.47916666666667,
      81.0176282051282,
      82.31570512820512,
      84.23878205128204,
      85.63501602564104,
      87.08934294871796,
      88.69391025641026,
      90.49879807692308,
      91.93108974358975,
      93.2431891025641,
      94.40304487179488,
      95.40665064102564,
      96.5985576923077,
      97.19551282051282,
      97.86458333333333,
      98.30528846153847,
      98.54767628205127,
      98.71995192307692,
      98.93229166666667,
      99.11057692307692,
      99.140625,
      99.22275641025641,
      99.21274038461539,
      99.28084935897435
    ],
    "test_loss": [
      3.612979528808594,
      3.0981569259643553,
      2.6915429027557374,
      2.419742906951904,
      2.3834913646698,
      2.276834925842285,
      1.9434295610427856,
      1.8663745048522948,
      1.6996017456054688,
      1.7066861656188965,
      1.481975825881958,
      1.658741332435608,
      1.585559578704834,
      1.5586154623031616,
      1.4846316297531128,
      1.5886911861419677,
      1.6216585971832276,
      1.436109944152832,
      1.37662504196167,
      1.4785467727661132,
      1.3965487470626832,
      1.4635943313598634,
      1.4135864696502685,
      1.3714040044784546,
      1.4417191292762757,
      1.397490147972107,
      1.296787303161621,
      1.3850368183135986,
      1.2456250667572022,
      1.228787059211731,
      1.2444901811599731,
      1.238487124824524,
      1.2240267955780029,
      1.2110595886230469,
      1.2022014381408692,
      1.1475896879196168,
      1.1080410600662232,
      1.1084862538337708,
      1.1083330896377563,
      1.0812468223571778,
      1.058941463470459,
      1.0591741500854492,
      1.0438677783012391,
      1.0405025367736815,
      1.0370401504516602,
      1.0354773927688599,
      1.0324598110198975,
      1.0279404012680053,
      1.0290128544807433,
      1.028299654197693
    ],
    "test_acc": [
      13.16,
      22.67,
      30.86,
      37.2,
      38.59,
      40.88,
      47.760000000000005,
      49.69,
      52.82,
      52.71,
      58.28,
      54.76,
      56.15,
      57.489999999999995,
      59.230000000000004,
      57.13,
      57.32000000000001,
      60.75000000000001,
      62.13999999999999,
      60.260000000000005,
      61.660000000000004,
      61.370000000000005,
      62.74999999999999,
      63.470000000000006,
      61.86000000000001,
      64.0,
      65.63,
      64.89,
      67.34,
      67.49000000000001,
      68.19,
      67.80000000000001,
      68.73,
      69.16,
      69.48,
      71.09,
      71.49,
      71.89,
      71.95,
      73.21,
      73.0,
      73.52,
      73.5,
      73.63,
      73.65,
      73.83999999999999,
      73.83,
      73.92999999999999,
      74.0,
      73.94
    ],
    "epoch_time": [
      10.673373699188232,
      10.109123945236206,
      10.14365291595459,
      10.053746938705444,
      10.043731927871704,
      10.009682416915894,
      10.069355726242065,
      10.05907154083252,
      10.049776792526245,
      10.14432668685913,
      10.042963981628418,
      10.064231872558594,
      10.032541751861572,
      9.983856678009033,
      10.067718982696533,
      10.087539911270142,
      10.030147314071655,
      10.06334114074707,
      10.055195093154907,
      10.088155508041382,
      10.061288833618164,
      10.029597997665405,
      10.066736698150635,
      10.128444910049438,
      10.111253023147583,
      10.013743877410889,
      10.109843254089355,
      10.056702136993408,
      10.064896821975708,
      10.091156244277954,
      10.10253381729126,
      10.056302785873413,
      9.983800649642944,
      10.054497241973877,
      10.106761455535889,
      10.052389860153198,
      10.092183351516724,
      10.173044681549072,
      10.128710269927979,
      10.065912961959839,
      10.058108568191528,
      10.024983882904053,
      10.091694355010986,
      10.056671619415283,
      10.110824346542358,
      10.14983081817627,
      10.137698411941528,
      10.042426586151123,
      10.123473644256592,
      10.068201541900635
    ],
    "throughput": [
      4677.059138648606,
      4938.113358826128,
      4921.304032542617,
      4965.312962853218,
      4970.264076988183,
      4987.171212908568,
      4957.616093540316,
      4962.684657064132,
      4967.274500775399,
      4920.977166938632,
      4970.644133675934,
      4960.140091377785,
      4975.80784956486,
      5000.071776867191,
      4958.422070162854,
      4948.679305271217,
      4976.995694765662,
      4960.579125939687,
      4964.597855886767,
      4948.377328264637,
      4961.590987548278,
      4977.268282499449,
      4958.905899383544,
      4928.693441425485,
      4937.073564049745,
      4985.148473051131,
      4937.762015232802,
      4963.853887684525,
      4959.812393804635,
      4946.9058640635385,
      4941.334609992406,
      4964.051009892532,
      5000.0998369078325,
      4964.942433083786,
      4939.267659538631,
      4965.983283027905,
      4946.402404837173,
      4907.08549531295,
      4928.564315657433,
      4959.311707606952,
      4963.159789094992,
      4979.559127783765,
      4946.642084459529,
      4963.868950799296,
      4937.28288505688,
      4918.3085801394345,
      4924.194622045335,
      4970.910125331812,
      4931.11374160799,
      4958.184417768051
    ],